MESE,ANNO,PARTENZA,COD ISTAT REGIONE DI PARTENZA,ARRIVO,COD ISTAT REGIONE DI ARRIVO,TOTALE
4,2022,ABRUZZO,13,ABRUZZO,13,778
4,2022,ABRUZZO,13,CAMPANIA,15,1
4,2022,ABRUZZO,13,EMILIA ROMAGNA,08,14
4,2022,ABRUZZO,13,LAZIO,12,7
4,2022,ABRUZZO,13,LOMBARDIA,03,7
4,2022,ABRUZZO,13,PIEMONTE,01,3
4,2022,ABRUZZO,13,PUGLIA,16,2
4,2022,ABRUZZO,13,SICILIA,19,2
4,2022,ABRUZZO,13,TOSCANA,09,1
4,2022,ABRUZZO,13,TRENTINO ALTO ADIGE,04,3
4,2022,ABRUZZO,13,VENETO,05,4
4,2022,BASILICATA,17,BASILICATA,17,336
4,2022,BASILICATA,17,CALABRIA,18,1
4,2022,BASILICATA,17,CAMPANIA,15,2
4,2022,BASILICATA,17,EMILIA ROMAGNA,08,3
4,2022,BASILICATA,17,LAZIO,12,5
4,2022,BASILICATA,17,LOMBARDIA,03,6
4,2022,BASILICATA,17,PIEMONTE,01,2
4,2022,BASILICATA,17,PUGLIA,16,5
4,2022,BASILICATA,17,SICILIA,19,1
4,2022,BASILICATA,17,TOSCANA,09,4
4,2022,BASILICATA,17,VENETO,05,7
4,2022,CALABRIA,18,CALABRIA,18,911
4,2022,CALABRIA,18,EMILIA ROMAGNA,08,14
4,2022,CALABRIA,18,LAZIO,12,5
4,2022,CALABRIA,18,LOMBARDIA,03,15
4,2022,CALABRIA,18,MARCHE,11,2
4,2022,CALABRIA,18,PIEMONTE,01,5
4,2022,CALABRIA,18,SARDEGNA,20,1
4,2022,CALABRIA,18,SICILIA,19,2
4,2022,CALABRIA,18,TOSCANA,09,10
4,2022,CALABRIA,18,VENETO,05,13
4,2022,CAMPANIA,15,ABRUZZO,13,8
4,2022,CAMPANIA,15,BASILICATA,17,1
4,2022,CAMPANIA,15,CALABRIA,18,3
4,2022,CAMPANIA,15,CAMPANIA,15,2409
4,2022,CAMPANIA,15,EMILIA ROMAGNA,08,23
4,2022,CAMPANIA,15,FRIULI VENEZIA GIULIA,06,3
4,2022,CAMPANIA,15,LAZIO,12,26
4,2022,CAMPANIA,15,LIGURIA,07,4
4,2022,CAMPANIA,15,LOMBARDIA,03,44
4,2022,CAMPANIA,15,MARCHE,11,2
4,2022,CAMPANIA,15,PIEMONTE,01,15
4,2022,CAMPANIA,15,PUGLIA,16,6
4,2022,CAMPANIA,15,SICILIA,19,4
4,2022,CAMPANIA,15,TOSCANA,09,12
4,2022,CAMPANIA,15,UMBRIA,10,3
4,2022,CAMPANIA,15,VENETO,05,21
4,2022,EMILIA ROMAGNA,08,ABRUZZO,13,2
4,2022,EMILIA ROMAGNA,08,BASILICATA,17,3
4,2022,EMILIA ROMAGNA,08,CALABRIA,18,3
4,2022,EMILIA ROMAGNA,08,CAMPANIA,15,4
4,2022,EMILIA ROMAGNA,08,EMILIA ROMAGNA,08,3370
4,2022,EMILIA ROMAGNA,08,FRIULI VENEZIA GIULIA,06,2
4,2022,EMILIA ROMAGNA,08,LAZIO,12,4
4,2022,EMILIA ROMAGNA,08,LIGURIA,07,1
4,2022,EMILIA ROMAGNA,08,LOMBARDIA,03,22
4,2022,EMILIA ROMAGNA,08,MARCHE,11,7
4,2022,EMILIA ROMAGNA,08,PIEMONTE,01,1
4,2022,EMILIA ROMAGNA,08,PUGLIA,16,5
4,2022,EMILIA ROMAGNA,08,SARDEGNA,20,1
4,2022,EMILIA ROMAGNA,08,SICILIA,19,6
4,2022,EMILIA ROMAGNA,08,TOSCANA,09,6
4,2022,EMILIA ROMAGNA,08,TRENTINO ALTO ADIGE,04,3
4,2022,EMILIA ROMAGNA,08,UMBRIA,10,1
4,2022,EMILIA ROMAGNA,08,VENETO,05,14
4,2022,ESTERO,13,ABRUZZO,13,5
4,2022,ESTERO,14,BASILICATA,17,1
4,2022,ESTERO,17,BASILICATA,17,1
4,2022,ESTERO,18,CALABRIA,18,8
4,2022,ESTERO,03,CAMPANIA,15,1
4,2022,ESTERO,12,CAMPANIA,15,2
4,2022,ESTERO,15,CAMPANIA,15,48
4,2022,ESTERO,08,EMILIA ROMAGNA,08,18
4,2022,ESTERO,12,EMILIA ROMAGNA,08,1
4,2022,ESTERO,06,FRIULI VENEZIA GIULIA,06,2
4,2022,ESTERO,12,LAZIO,12,77
4,2022,ESTERO,16,LAZIO,12,1
4,2022,ESTERO,18,LAZIO,12,1
4,2022,ESTERO,07,LIGURIA,07,11
4,2022,ESTERO,03,LOMBARDIA,03,50
4,2022,ESTERO,19,LOMBARDIA,03,1
4,2022,ESTERO,20,LOMBARDIA,03,1
4,2022,ESTERO,11,MARCHE,11,15
4,2022,ESTERO,14,MOLISE,14,3
4,2022,ESTERO,01,PIEMONTE,01,18
4,2022,ESTERO,04,PIEMONTE,01,3
4,2022,ESTERO,16,PUGLIA,16,23
4,2022,ESTERO,20,SARDEGNA,20,24
4,2022,ESTERO,19,SICILIA,19,77
4,2022,ESTERO,01,TOSCANA,09,1
4,2022,ESTERO,09,TOSCANA,09,24
4,2022,ESTERO,12,TOSCANA,09,1
4,2022,ESTERO,16,TOSCANA,09,2
4,2022,ESTERO,04,TRENTINO ALTO ADIGE,04,11
4,2022,ESTERO,05,VENETO,05,26
4,2022,ESTERO,12,VENETO,05,1
4,2022,FRIULI VENEZIA GIULIA,06,BASILICATA,17,1
4,2022,FRIULI VENEZIA GIULIA,06,CAMPANIA,15,1
4,2022,FRIULI VENEZIA GIULIA,06,FRIULI VENEZIA GIULIA,06,389
4,2022,FRIULI VENEZIA GIULIA,06,LAZIO,12,1
4,2022,FRIULI VENEZIA GIULIA,06,LOMBARDIA,03,4
4,2022,FRIULI VENEZIA GIULIA,06,MARCHE,11,4
4,2022,FRIULI VENEZIA GIULIA,06,PIEMONTE,01,1
4,2022,FRIULI VENEZIA GIULIA,06,PUGLIA,16,2
4,2022,FRIULI VENEZIA GIULIA,06,SICILIA,19,1
4,2022,FRIULI VENEZIA GIULIA,06,TOSCANA,09,1
4,2022,FRIULI VENEZIA GIULIA,06,TRENTINO ALTO ADIGE,04,1
4,2022,FRIULI VENEZIA GIULIA,06,VENETO,05,20
4,2022,LAZIO,12,ABRUZZO,13,17
4,2022,LAZIO,12,BASILICATA,17,1
4,2022,LAZIO,12,CALABRIA,18,6
4,2022,LAZIO,12,CAMPANIA,15,10
4,2022,LAZIO,12,EMILIA ROMAGNA,08,11
4,2022,LAZIO,12,FRIULI VENEZIA GIULIA,06,3
4,2022,LAZIO,12,LAZIO,12,4024
4,2022,LAZIO,12,LOMBARDIA,03,15
4,2022,LAZIO,12,MARCHE,11,1
4,2022,LAZIO,12,PIEMONTE,01,6
4,2022,LAZIO,12,PUGLIA,16,6
4,2022,LAZIO,12,SARDEGNA,20,7
4,2022,LAZIO,12,SICILIA,19,11
4,2022,LAZIO,12,TOSCANA,09,14
4,2022,LAZIO,12,TRENTINO ALTO ADIGE,04,2
4,2022,LAZIO,12,UMBRIA,10,7
4,2022,LAZIO,12,VENETO,05,22
4,2022,LIGURIA,07,CALABRIA,18,2
4,2022,LIGURIA,07,EMILIA ROMAGNA,08,5
4,2022,LIGURIA,07,FRIULI VENEZIA GIULIA,06,1
4,2022,LIGURIA,07,LAZIO,12,2
4,2022,LIGURIA,07,LIGURIA,07,581
4,2022,LIGURIA,07,LOMBARDIA,03,4
4,2022,LIGURIA,07,PIEMONTE,01,5
4,2022,LIGURIA,07,SICILIA,19,1
4,2022,LIGURIA,07,TOSCANA,09,5
4,2022,LIGURIA,07,VENETO,05,4
4,2022,LOMBARDIA,03,BASILICATA,17,1
4,2022,LOMBARDIA,03,CALABRIA,18,9
4,2022,LOMBARDIA,03,CAMPANIA,15,11
4,2022,LOMBARDIA,03,EMILIA ROMAGNA,08,21
4,2022,LOMBARDIA,03,LAZIO,12,10
4,2022,LOMBARDIA,03,LIGURIA,07,4
4,2022,LOMBARDIA,03,LOMBARDIA,03,5786
4,2022,LOMBARDIA,03,MARCHE,11,3
4,2022,LOMBARDIA,03,PIEMONTE,01,21
4,2022,LOMBARDIA,03,PUGLIA,16,17
4,2022,LOMBARDIA,03,SARDEGNA,20,6
4,2022,LOMBARDIA,03,SICILIA,19,14
4,2022,LOMBARDIA,03,TOSCANA,09,25
4,2022,LOMBARDIA,03,TRENTINO ALTO ADIGE,04,1
4,2022,LOMBARDIA,03,UMBRIA,10,1
4,2022,LOMBARDIA,03,VENETO,05,19
4,2022,MARCHE,11,ABRUZZO,13,2
4,2022,MARCHE,11,CAMPANIA,15,1
4,2022,MARCHE,11,EMILIA ROMAGNA,08,14
4,2022,MARCHE,11,LAZIO,12,1
4,2022,MARCHE,11,LOMBARDIA,03,2
4,2022,MARCHE,11,MARCHE,11,881
4,2022,MARCHE,11,PUGLIA,16,1
4,2022,MARCHE,11,SARDEGNA,20,2
4,2022,MARCHE,11,SICILIA,19,1
4,2022,MARCHE,11,TOSCANA,09,2
4,2022,MARCHE,11,VENETO,05,5
4,2022,MOLISE,14,ABRUZZO,13,7
4,2022,MOLISE,14,EMILIA ROMAGNA,08,1
4,2022,MOLISE,14,LAZIO,12,4
4,2022,MOLISE,14,LOMBARDIA,03,1
4,2022,MOLISE,14,MOLISE,14,87
4,2022,MOLISE,14,PIEMONTE,01,1
4,2022,MOLISE,14,PUGLIA,16,2
4,2022,MOLISE,14,TRENTINO ALTO ADIGE,04,1
4,2022,PIEMONTE,01,ABRUZZO,13,3
4,2022,PIEMONTE,01,BASILICATA,17,1
4,2022,PIEMONTE,01,CALABRIA,18,2
4,2022,PIEMONTE,01,CAMPANIA,15,3
4,2022,PIEMONTE,01,EMILIA ROMAGNA,08,8
4,2022,PIEMONTE,01,LAZIO,12,2
4,2022,PIEMONTE,01,LIGURIA,07,7
4,2022,PIEMONTE,01,LOMBARDIA,03,12
4,2022,PIEMONTE,01,MARCHE,11,3
4,2022,PIEMONTE,01,PIEMONTE,01,2129
4,2022,PIEMONTE,01,PUGLIA,16,5
4,2022,PIEMONTE,01,SARDEGNA,20,2
4,2022,PIEMONTE,01,SICILIA,19,4
4,2022,PIEMONTE,01,TOSCANA,09,1
4,2022,PIEMONTE,01,TRENTINO ALTO ADIGE,04,2
4,2022,PIEMONTE,01,UMBRIA,10,1
4,2022,PIEMONTE,01,VENETO,05,9
4,2022,PUGLIA,16,ABRUZZO,13,8
4,2022,PUGLIA,16,BASILICATA,17,1
4,2022,PUGLIA,16,CAMPANIA,15,3
4,2022,PUGLIA,16,EMILIA ROMAGNA,08,36
4,2022,PUGLIA,16,LAZIO,12,10
4,2022,PUGLIA,16,LIGURIA,07,3
4,2022,PUGLIA,16,LOMBARDIA,03,20
4,2022,PUGLIA,16,MARCHE,11,7
4,2022,PUGLIA,16,PIEMONTE,01,14
4,2022,PUGLIA,16,PUGLIA,16,2023
4,2022,PUGLIA,16,SICILIA,19,3
4,2022,PUGLIA,16,TOSCANA,09,12
4,2022,PUGLIA,16,TRENTINO ALTO ADIGE,04,4
4,2022,PUGLIA,16,VENETO,05,12
4,2022,SARDEGNA,20,ABRUZZO,13,4
4,2022,SARDEGNA,20,CAMPANIA,15,1
4,2022,SARDEGNA,20,EMILIA ROMAGNA,08,3
4,2022,SARDEGNA,20,LAZIO,12,3
4,2022,SARDEGNA,20,LOMBARDIA,03,4
4,2022,SARDEGNA,20,PIEMONTE,01,3
4,2022,SARDEGNA,20,PUGLIA,16,1
4,2022,SARDEGNA,20,SARDEGNA,20,913
4,2022,SARDEGNA,20,SICILIA,19,1
4,2022,SARDEGNA,20,VENETO,05,12
4,2022,SICILIA,19,ABRUZZO,13,4
4,2022,SICILIA,19,BASILICATA,17,1
4,2022,SICILIA,19,CALABRIA,18,1
4,2022,SICILIA,19,CAMPANIA,15,3
4,2022,SICILIA,19,EMILIA ROMAGNA,08,26
4,2022,SICILIA,19,FRIULI VENEZIA GIULIA,06,2
4,2022,SICILIA,19,LAZIO,12,6
4,2022,SICILIA,19,LIGURIA,07,1
4,2022,SICILIA,19,LOMBARDIA,03,38
4,2022,SICILIA,19,PIEMONTE,01,19
4,2022,SICILIA,19,PUGLIA,16,1
4,2022,SICILIA,19,SARDEGNA,20,3
4,2022,SICILIA,19,SICILIA,19,2524
4,2022,SICILIA,19,TOSCANA,09,16
4,2022,SICILIA,19,TRENTINO ALTO ADIGE,04,1
4,2022,SICILIA,19,UMBRIA,10,1
4,2022,SICILIA,19,VENETO,05,27
4,2022,TOSCANA,09,CALABRIA,18,1
4,2022,TOSCANA,09,CAMPANIA,15,6
4,2022,TOSCANA,09,EMILIA ROMAGNA,08,10
4,2022,TOSCANA,09,LAZIO,12,3
4,2022,TOSCANA,09,LIGURIA,07,2
4,2022,TOSCANA,09,LOMBARDIA,03,15
4,2022,TOSCANA,09,MARCHE,11,3
4,2022,TOSCANA,09,PIEMONTE,01,5
4,2022,TOSCANA,09,PUGLIA,16,3
4,2022,TOSCANA,09,SARDEGNA,20,1
4,2022,TOSCANA,09,SICILIA,19,1
4,2022,TOSCANA,09,TOSCANA,09,2687
4,2022,TOSCANA,09,VENETO,05,6
4,2022,TRENTINO ALTO ADIGE,04,ABRUZZO,13,1
4,2022,TRENTINO ALTO ADIGE,04,CAMPANIA,15,1
4,2022,TRENTINO ALTO ADIGE,04,EMILIA ROMAGNA,08,3
4,2022,TRENTINO ALTO ADIGE,04,LOMBARDIA,03,3
4,2022,TRENTINO ALTO ADIGE,04,SARDEGNA,20,1
4,2022,TRENTINO ALTO ADIGE,04,SICILIA,19,1
4,2022,TRENTINO ALTO ADIGE,04,TOSCANA,09,3
4,2022,TRENTINO ALTO ADIGE,04,TRENTINO ALTO ADIGE,04,461
4,2022,TRENTINO ALTO ADIGE,04,VENETO,05,5
4,2022,UMBRIA,10,CAMPANIA,15,1
4,2022,UMBRIA,10,EMILIA ROMAGNA,08,1
4,2022,UMBRIA,10,LAZIO,12,2
4,2022,UMBRIA,10,LOMBARDIA,03,3
4,2022,UMBRIA,10,MARCHE,11,1
4,2022,UMBRIA,10,SARDEGNA,20,1
4,2022,UMBRIA,10,TOSCANA,09,3
4,2022,UMBRIA,10,UMBRIA,10,394
4,2022,UMBRIA,10,VENETO,05,3
4,2022,VALLE D'AOSTA,02,LOMBARDIA,03,4
4,2022,VALLE D'AOSTA,02,PIEMONTE,01,2
4,2022,VALLE D'AOSTA,02,VALLE D'AOSTA,02,33
4,2022,VENETO,05,CALABRIA,18,2
4,2022,VENETO,05,CAMPANIA,15,2
4,2022,VENETO,05,EMILIA ROMAGNA,08,7
4,2022,VENETO,05,FRIULI VENEZIA GIULIA,06,3
4,2022,VENETO,05,LAZIO,12,2
4,2022,VENETO,05,LOMBARDIA,03,17
4,2022,VENETO,05,MARCHE,11,1
4,2022,VENETO,05,PIEMONTE,01,2
4,2022,VENETO,05,PUGLIA,16,2
4,2022,VENETO,05,SICILIA,19,4
4,2022,VENETO,05,TOSCANA,09,6
4,2022,VENETO,05,TRENTINO ALTO ADIGE,04,5
4,2022,VENETO,05,VENETO,05,3963
5,2022,ABRUZZO,13,ABRUZZO,13,1749
5,2022,ABRUZZO,13,CAMPANIA,15,7
5,2022,ABRUZZO,13,EMILIA ROMAGNA,08,15
5,2022,ABRUZZO,13,FRIULI VENEZIA GIULIA,06,1
5,2022,ABRUZZO,13,LAZIO,12,20
5,2022,ABRUZZO,13,LIGURIA,07,2
5,2022,ABRUZZO,13,LOMBARDIA,03,13
5,2022,ABRUZZO,13,MARCHE,11,5
5,2022,ABRUZZO,13,PIEMONTE,01,2
5,2022,ABRUZZO,13,PUGLIA,16,7
5,2022,ABRUZZO,13,SARDEGNA,20,2
5,2022,ABRUZZO,13,SICILIA,19,6
5,2022,ABRUZZO,13,TOSCANA,09,7
5,2022,ABRUZZO,13,TRENTINO ALTO ADIGE,04,1
5,2022,ABRUZZO,13,UMBRIA,10,4
5,2022,ABRUZZO,13,VENETO,05,6
5,2022,BASILICATA,17,ABRUZZO,13,6
5,2022,BASILICATA,17,BASILICATA,17,497
5,2022,BASILICATA,17,CALABRIA,18,2
5,2022,BASILICATA,17,CAMPANIA,15,6
5,2022,BASILICATA,17,EMILIA ROMAGNA,08,21
5,2022,BASILICATA,17,LAZIO,12,7
5,2022,BASILICATA,17,LIGURIA,07,1
5,2022,BASILICATA,17,LOMBARDIA,03,7
5,2022,BASILICATA,17,MARCHE,11,1
5,2022,BASILICATA,17,PIEMONTE,01,7
5,2022,BASILICATA,17,PUGLIA,16,12
5,2022,BASILICATA,17,SARDEGNA,20,1
5,2022,BASILICATA,17,TOSCANA,09,5
5,2022,BASILICATA,17,TRENTINO ALTO ADIGE,04,2
5,2022,BASILICATA,17,UMBRIA,10,3
5,2022,BASILICATA,17,VENETO,05,10
5,2022,CALABRIA,18,ABRUZZO,13,4
5,2022,CALABRIA,18,BASILICATA,17,1
5,2022,CALABRIA,18,CALABRIA,18,2121
5,2022,CALABRIA,18,CAMPANIA,15,22
5,2022,CALABRIA,18,EMILIA ROMAGNA,08,41
5,2022,CALABRIA,18,FRIULI VENEZIA GIULIA,06,3
5,2022,CALABRIA,18,LAZIO,12,12
5,2022,CALABRIA,18,LIGURIA,07,2
5,2022,CALABRIA,18,LOMBARDIA,03,51
5,2022,CALABRIA,18,MARCHE,11,3
5,2022,CALABRIA,18,PIEMONTE,01,23
5,2022,CALABRIA,18,PUGLIA,16,15
5,2022,CALABRIA,18,SICILIA,19,9
5,2022,CALABRIA,18,TOSCANA,09,13
5,2022,CALABRIA,18,TRENTINO ALTO ADIGE,04,3
5,2022,CALABRIA,18,UMBRIA,10,3
5,2022,CALABRIA,18,VALLE D'AOSTA,02,1
5,2022,CALABRIA,18,VENETO,05,26
5,2022,CAMPANIA,15,ABRUZZO,13,19
5,2022,CAMPANIA,15,BASILICATA,17,6
5,2022,CAMPANIA,15,CALABRIA,18,17
5,2022,CAMPANIA,15,CAMPANIA,15,5694
5,2022,CAMPANIA,15,EMILIA ROMAGNA,08,52
5,2022,CAMPANIA,15,FRIULI VENEZIA GIULIA,06,6
5,2022,CAMPANIA,15,LAZIO,12,69
5,2022,CAMPANIA,15,LIGURIA,07,10
5,2022,CAMPANIA,15,LOMBARDIA,03,102
5,2022,CAMPANIA,15,MARCHE,11,9
5,2022,CAMPANIA,15,MOLISE,14,6
5,2022,CAMPANIA,15,PIEMONTE,01,29
5,2022,CAMPANIA,15,PUGLIA,16,23
5,2022,CAMPANIA,15,SARDEGNA,20,11
5,2022,CAMPANIA,15,SICILIA,19,19
5,2022,CAMPANIA,15,TOSCANA,09,42
5,2022,CAMPANIA,15,TRENTINO ALTO ADIGE,04,11
5,2022,CAMPANIA,15,UMBRIA,10,11
5,2022,CAMPANIA,15,VENETO,05,52
5,2022,EMILIA ROMAGNA,08,ABRUZZO,13,4
5,2022,EMILIA ROMAGNA,08,BASILICATA,17,5
5,2022,EMILIA ROMAGNA,08,CALABRIA,18,8
5,2022,EMILIA ROMAGNA,08,CAMPANIA,15,30
5,2022,EMILIA ROMAGNA,08,EMILIA ROMAGNA,08,7775
5,2022,EMILIA ROMAGNA,08,FRIULI VENEZIA GIULIA,06,7
5,2022,EMILIA ROMAGNA,08,LAZIO,12,11
5,2022,EMILIA ROMAGNA,08,LIGURIA,07,12
5,2022,EMILIA ROMAGNA,08,LOMBARDIA,03,64
5,2022,EMILIA ROMAGNA,08,MARCHE,11,23
5,2022,EMILIA ROMAGNA,08,PIEMONTE,01,11
5,2022,EMILIA ROMAGNA,08,PUGLIA,16,22
5,2022,EMILIA ROMAGNA,08,SARDEGNA,20,2
5,2022,EMILIA ROMAGNA,08,SICILIA,19,24
5,2022,EMILIA ROMAGNA,08,TOSCANA,09,27
5,2022,EMILIA ROMAGNA,08,TRENTINO ALTO ADIGE,04,13
5,2022,EMILIA ROMAGNA,08,UMBRIA,10,7
5,2022,EMILIA ROMAGNA,08,VENETO,05,37
5,2022,ESTERO,13,ABRUZZO,13,6
5,2022,ESTERO,15,ABRUZZO,13,1
5,2022,ESTERO,17,BASILICATA,17,6
5,2022,ESTERO,09,CALABRIA,18,1
5,2022,ESTERO,18,CALABRIA,18,10
5,2022,ESTERO,01,CAMPANIA,15,1
5,2022,ESTERO,03,CAMPANIA,15,1
5,2022,ESTERO,12,CAMPANIA,15,2
5,2022,ESTERO,15,CAMPANIA,15,64
5,2022,ESTERO,08,EMILIA ROMAGNA,08,29
5,2022,ESTERO,06,FRIULI VENEZIA GIULIA,06,4
5,2022,ESTERO,12,LAZIO,12,73
5,2022,ESTERO,13,LAZIO,12,2
5,2022,ESTERO,15,LAZIO,12,1
5,2022,ESTERO,02,LIGURIA,07,1
5,2022,ESTERO,07,LIGURIA,07,26
5,2022,ESTERO,16,LIGURIA,07,1
5,2022,ESTERO,03,LOMBARDIA,03,85
5,2022,ESTERO,05,LOMBARDIA,03,1
5,2022,ESTERO,09,LOMBARDIA,03,1
5,2022,ESTERO,15,LOMBARDIA,03,1
5,2022,ESTERO,19,LOMBARDIA,03,1
5,2022,ESTERO,11,MARCHE,11,9
5,2022,ESTERO,13,MOLISE,14,1
5,2022,ESTERO,14,MOLISE,14,10
5,2022,ESTERO,01,PIEMONTE,01,22
5,2022,ESTERO,03,PIEMONTE,01,1
5,2022,ESTERO,05,PIEMONTE,01,2
5,2022,ESTERO,08,PUGLIA,16,1
5,2022,ESTERO,12,PUGLIA,16,1
5,2022,ESTERO,16,PUGLIA,16,32
5,2022,ESTERO,20,SARDEGNA,20,15
5,2022,ESTERO,03,SICILIA,19,1
5,2022,ESTERO,19,SICILIA,19,151
5,2022,ESTERO,03,TOSCANA,09,5
5,2022,ESTERO,08,TOSCANA,09,1
5,2022,ESTERO,09,TOSCANA,09,12
5,2022,ESTERO,10,TOSCANA,09,1
5,2022,ESTERO,19,TOSCANA,09,1
5,2022,ESTERO,04,TRENTINO ALTO ADIGE,04,8
5,2022,ESTERO,01,VENETO,05,2
5,2022,ESTERO,03,VENETO,05,1
5,2022,ESTERO,05,VENETO,05,39
5,2022,ESTERO,08,VENETO,05,1
5,2022,ESTERO,15,VENETO,05,1
5,2022,FRIULI VENEZIA GIULIA,06,ABRUZZO,13,1
5,2022,FRIULI VENEZIA GIULIA,06,BASILICATA,17,1
5,2022,FRIULI VENEZIA GIULIA,06,CAMPANIA,15,6
5,2022,FRIULI VENEZIA GIULIA,06,EMILIA ROMAGNA,08,4
5,2022,FRIULI VENEZIA GIULIA,06,FRIULI VENEZIA GIULIA,06,1525
5,2022,FRIULI VENEZIA GIULIA,06,LAZIO,12,3
5,2022,FRIULI VENEZIA GIULIA,06,LOMBARDIA,03,11
5,2022,FRIULI VENEZIA GIULIA,06,PIEMONTE,01,2
5,2022,FRIULI VENEZIA GIULIA,06,PUGLIA,16,2
5,2022,FRIULI VENEZIA GIULIA,06,SARDEGNA,20,3
5,2022,FRIULI VENEZIA GIULIA,06,SICILIA,19,13
5,2022,FRIULI VENEZIA GIULIA,06,TOSCANA,09,3
5,2022,FRIULI VENEZIA GIULIA,06,UMBRIA,10,2
5,2022,FRIULI VENEZIA GIULIA,06,VENETO,05,43
5,2022,LAZIO,12,ABRUZZO,13,34
5,2022,LAZIO,12,BASILICATA,17,2
5,2022,LAZIO,12,CALABRIA,18,12
5,2022,LAZIO,12,CAMPANIA,15,31
5,2022,LAZIO,12,EMILIA ROMAGNA,08,21
5,2022,LAZIO,12,FRIULI VENEZIA GIULIA,06,4
5,2022,LAZIO,12,LAZIO,12,7467
5,2022,LAZIO,12,LIGURIA,07,10
5,2022,LAZIO,12,LOMBARDIA,03,50
5,2022,LAZIO,12,MARCHE,11,9
5,2022,LAZIO,12,PIEMONTE,01,11
5,2022,LAZIO,12,PUGLIA,16,32
5,2022,LAZIO,12,SARDEGNA,20,17
5,2022,LAZIO,12,SICILIA,19,47
5,2022,LAZIO,12,TOSCANA,09,27
5,2022,LAZIO,12,TRENTINO ALTO ADIGE,04,4
5,2022,LAZIO,12,UMBRIA,10,31
5,2022,LAZIO,12,VENETO,05,31
5,2022,LIGURIA,07,ABRUZZO,13,2
5,2022,LIGURIA,07,CAMPANIA,15,1
5,2022,LIGURIA,07,EMILIA ROMAGNA,08,1
5,2022,LIGURIA,07,FRIULI VENEZIA GIULIA,06,2
5,2022,LIGURIA,07,LAZIO,12,2
5,2022,LIGURIA,07,LIGURIA,07,2268
5,2022,LIGURIA,07,LOMBARDIA,03,24
5,2022,LIGURIA,07,PIEMONTE,01,21
5,2022,LIGURIA,07,SARDEGNA,20,1
5,2022,LIGURIA,07,SICILIA,19,19
5,2022,LIGURIA,07,TOSCANA,09,9
5,2022,LIGURIA,07,TRENTINO ALTO ADIGE,04,3
5,2022,LIGURIA,07,UMBRIA,10,8
5,2022,LIGURIA,07,VALLE D'AOSTA,02,3
5,2022,LIGURIA,07,VENETO,05,8
5,2022,LOMBARDIA,03,ABRUZZO,13,10
5,2022,LOMBARDIA,03,BASILICATA,17,3
5,2022,LOMBARDIA,03,CALABRIA,18,29
5,2022,LOMBARDIA,03,CAMPANIA,15,34
5,2022,LOMBARDIA,03,EMILIA ROMAGNA,08,75
5,2022,LOMBARDIA,03,FRIULI VENEZIA GIULIA,06,6
5,2022,LOMBARDIA,03,LAZIO,12,23
5,2022,LOMBARDIA,03,LIGURIA,07,38
5,2022,LOMBARDIA,03,LOMBARDIA,03,16828
5,2022,LOMBARDIA,03,MARCHE,11,4
5,2022,LOMBARDIA,03,MOLISE,14,2
5,2022,LOMBARDIA,03,PIEMONTE,01,53
5,2022,LOMBARDIA,03,PUGLIA,16,33
5,2022,LOMBARDIA,03,SARDEGNA,20,27
5,2022,LOMBARDIA,03,SICILIA,19,98
5,2022,LOMBARDIA,03,TOSCANA,09,46
5,2022,LOMBARDIA,03,TRENTINO ALTO ADIGE,04,5
5,2022,LOMBARDIA,03,UMBRIA,10,3
5,2022,LOMBARDIA,03,VENETO,05,48
5,2022,MARCHE,11,ABRUZZO,13,10
5,2022,MARCHE,11,BASILICATA,17,1
5,2022,MARCHE,11,CAMPANIA,15,2
5,2022,MARCHE,11,EMILIA ROMAGNA,08,21
5,2022,MARCHE,11,FRIULI VENEZIA GIULIA,06,1
5,2022,MARCHE,11,LAZIO,12,2
5,2022,MARCHE,11,LIGURIA,07,1
5,2022,MARCHE,11,LOMBARDIA,03,16
5,2022,MARCHE,11,MARCHE,11,1974
5,2022,MARCHE,11,PIEMONTE,01,3
5,2022,MARCHE,11,PUGLIA,16,4
5,2022,MARCHE,11,SARDEGNA,20,1
5,2022,MARCHE,11,TOSCANA,09,2
5,2022,MARCHE,11,TRENTINO ALTO ADIGE,04,2
5,2022,MARCHE,11,UMBRIA,10,8
5,2022,MARCHE,11,VENETO,05,4
5,2022,MOLISE,14,ABRUZZO,13,7
5,2022,MOLISE,14,BASILICATA,17,1
5,2022,MOLISE,14,CAMPANIA,15,6
5,2022,MOLISE,14,EMILIA ROMAGNA,08,7
5,2022,MOLISE,14,FRIULI VENEZIA GIULIA,06,1
5,2022,MOLISE,14,LAZIO,12,2
5,2022,MOLISE,14,LOMBARDIA,03,3
5,2022,MOLISE,14,MARCHE,11,3
5,2022,MOLISE,14,MOLISE,14,296
5,2022,MOLISE,14,PIEMONTE,01,2
5,2022,MOLISE,14,PUGLIA,16,1
5,2022,MOLISE,14,TOSCANA,09,3
5,2022,MOLISE,14,UMBRIA,10,2
5,2022,MOLISE,14,VENETO,05,1
5,2022,PIEMONTE,01,ABRUZZO,13,6
5,2022,PIEMONTE,01,BASILICATA,17,1
5,2022,PIEMONTE,01,CALABRIA,18,15
5,2022,PIEMONTE,01,CAMPANIA,15,9
5,2022,PIEMONTE,01,EMILIA ROMAGNA,08,15
5,2022,PIEMONTE,01,FRIULI VENEZIA GIULIA,06,1
5,2022,PIEMONTE,01,LAZIO,12,11
5,2022,PIEMONTE,01,LIGURIA,07,28
5,2022,PIEMONTE,01,LOMBARDIA,03,87
5,2022,PIEMONTE,01,MARCHE,11,1
5,2022,PIEMONTE,01,MOLISE,14,1
5,2022,PIEMONTE,01,PIEMONTE,01,6143
5,2022,PIEMONTE,01,PUGLIA,16,8
5,2022,PIEMONTE,01,SARDEGNA,20,16
5,2022,PIEMONTE,01,SICILIA,19,28
5,2022,PIEMONTE,01,TOSCANA,09,11
5,2022,PIEMONTE,01,TRENTINO ALTO ADIGE,04,10
5,2022,PIEMONTE,01,UMBRIA,10,2
5,2022,PIEMONTE,01,VALLE D'AOSTA,02,5
5,2022,PIEMONTE,01,VENETO,05,9
5,2022,PUGLIA,16,ABRUZZO,13,21
5,2022,PUGLIA,16,BASILICATA,17,4
5,2022,PUGLIA,16,CALABRIA,18,2
5,2022,PUGLIA,16,CAMPANIA,15,8
5,2022,PUGLIA,16,EMILIA ROMAGNA,08,56
5,2022,PUGLIA,16,FRIULI VENEZIA GIULIA,06,6
5,2022,PUGLIA,16,LAZIO,12,18
5,2022,PUGLIA,16,LIGURIA,07,16
5,2022,PUGLIA,16,LOMBARDIA,03,97
5,2022,PUGLIA,16,MARCHE,11,6
5,2022,PUGLIA,16,MOLISE,14,10
5,2022,PUGLIA,16,PIEMONTE,01,24
5,2022,PUGLIA,16,PUGLIA,16,4986
5,2022,PUGLIA,16,SARDEGNA,20,3
5,2022,PUGLIA,16,SICILIA,19,4
5,2022,PUGLIA,16,TOSCANA,09,26
5,2022,PUGLIA,16,TRENTINO ALTO ADIGE,04,7
5,2022,PUGLIA,16,UMBRIA,10,7
5,2022,PUGLIA,16,VENETO,05,31
5,2022,SARDEGNA,20,ABRUZZO,13,1
5,2022,SARDEGNA,20,CAMPANIA,15,1
5,2022,SARDEGNA,20,EMILIA ROMAGNA,08,8
5,2022,SARDEGNA,20,FRIULI VENEZIA GIULIA,06,3
5,2022,SARDEGNA,20,LAZIO,12,7
5,2022,SARDEGNA,20,LIGURIA,07,4
5,2022,SARDEGNA,20,LOMBARDIA,03,14
5,2022,SARDEGNA,20,PIEMONTE,01,11
5,2022,SARDEGNA,20,PUGLIA,16,3
5,2022,SARDEGNA,20,SARDEGNA,20,3228
5,2022,SARDEGNA,20,SICILIA,19,6
5,2022,SARDEGNA,20,TOSCANA,09,7
5,2022,SARDEGNA,20,TRENTINO ALTO ADIGE,04,4
5,2022,SARDEGNA,20,UMBRIA,10,3
5,2022,SARDEGNA,20,VENETO,05,18
5,2022,SICILIA,19,ABRUZZO,13,6
5,2022,SICILIA,19,BASILICATA,17,1
5,2022,SICILIA,19,CALABRIA,18,8
5,2022,SICILIA,19,CAMPANIA,15,6
5,2022,SICILIA,19,EMILIA ROMAGNA,08,57
5,2022,SICILIA,19,FRIULI VENEZIA GIULIA,06,7
5,2022,SICILIA,19,LAZIO,12,20
5,2022,SICILIA,19,LIGURIA,07,14
5,2022,SICILIA,19,LOMBARDIA,03,151
5,2022,SICILIA,19,MARCHE,11,5
5,2022,SICILIA,19,PIEMONTE,01,51
5,2022,SICILIA,19,PUGLIA,16,5
5,2022,SICILIA,19,SARDEGNA,20,2
5,2022,SICILIA,19,SICILIA,19,12725
5,2022,SICILIA,19,TOSCANA,09,31
5,2022,SICILIA,19,TRENTINO ALTO ADIGE,04,7
5,2022,SICILIA,19,UMBRIA,10,1
5,2022,SICILIA,19,VENETO,05,67
5,2022,TOSCANA,09,BASILICATA,17,2
5,2022,TOSCANA,09,CAMPANIA,15,17
5,2022,TOSCANA,09,EMILIA ROMAGNA,08,18
5,2022,TOSCANA,09,LAZIO,12,15
5,2022,TOSCANA,09,LIGURIA,07,8
5,2022,TOSCANA,09,LOMBARDIA,03,43
5,2022,TOSCANA,09,MARCHE,11,3
5,2022,TOSCANA,09,PIEMONTE,01,19
5,2022,TOSCANA,09,PUGLIA,16,4
5,2022,TOSCANA,09,SARDEGNA,20,6
5,2022,TOSCANA,09,SICILIA,19,29
5,2022,TOSCANA,09,TOSCANA,09,6107
5,2022,TOSCANA,09,TRENTINO ALTO ADIGE,04,7
5,2022,TOSCANA,09,UMBRIA,10,10
5,2022,TOSCANA,09,VENETO,05,23
5,2022,TRENTINO ALTO ADIGE,04,BASILICATA,17,1
5,2022,TRENTINO ALTO ADIGE,04,CALABRIA,18,2
5,2022,TRENTINO ALTO ADIGE,04,CAMPANIA,15,3
5,2022,TRENTINO ALTO ADIGE,04,EMILIA ROMAGNA,08,10
5,2022,TRENTINO ALTO ADIGE,04,FRIULI VENEZIA GIULIA,06,3
5,2022,TRENTINO ALTO ADIGE,04,LAZIO,12,1
5,2022,TRENTINO ALTO ADIGE,04,LIGURIA,07,2
5,2022,TRENTINO ALTO ADIGE,04,LOMBARDIA,03,10
5,2022,TRENTINO ALTO ADIGE,04,PIEMONTE,01,2
5,2022,TRENTINO ALTO ADIGE,04,PUGLIA,16,3
5,2022,TRENTINO ALTO ADIGE,04,SICILIA,19,3
5,2022,TRENTINO ALTO ADIGE,04,TOSCANA,09,2
5,2022,TRENTINO ALTO ADIGE,04,TRENTINO ALTO ADIGE,04,822
5,2022,TRENTINO ALTO ADIGE,04,UMBRIA,10,1
5,2022,TRENTINO ALTO ADIGE,04,VALLE D'AOSTA,02,2
5,2022,TRENTINO ALTO ADIGE,04,VENETO,05,25
5,2022,UMBRIA,10,ABRUZZO,13,1
5,2022,UMBRIA,10,CAMPANIA,15,2
5,2022,UMBRIA,10,EMILIA ROMAGNA,08,8
5,2022,UMBRIA,10,LAZIO,12,17
5,2022,UMBRIA,10,LIGURIA,07,1
5,2022,UMBRIA,10,LOMBARDIA,03,14
5,2022,UMBRIA,10,MARCHE,11,8
5,2022,UMBRIA,10,PIEMONTE,01,3
5,2022,UMBRIA,10,PUGLIA,16,2
5,2022,UMBRIA,10,SICILIA,19,7
5,2022,UMBRIA,10,TOSCANA,09,10
5,2022,UMBRIA,10,UMBRIA,10,2214
5,2022,UMBRIA,10,VENETO,05,9
5,2022,VALLE D'AOSTA,02,LIGURIA,07,3
5,2022,VALLE D'AOSTA,02,LOMBARDIA,03,3
5,2022,VALLE D'AOSTA,02,PIEMONTE,01,3
5,2022,VALLE D'AOSTA,02,SICILIA,19,1
5,2022,VALLE D'AOSTA,02,VALLE D'AOSTA,02,142
5,2022,VALLE D'AOSTA,02,VENETO,05,1
5,2022,VENETO,05,ABRUZZO,13,3
5,2022,VENETO,05,CALABRIA,18,5
5,2022,VENETO,05,CAMPANIA,15,16
5,2022,VENETO,05,EMILIA ROMAGNA,08,37
5,2022,VENETO,05,FRIULI VENEZIA GIULIA,06,16
5,2022,VENETO,05,LAZIO,12,7
5,2022,VENETO,05,LIGURIA,07,1
5,2022,VENETO,05,LOMBARDIA,03,55
5,2022,VENETO,05,MARCHE,11,3
5,2022,VENETO,05,PIEMONTE,01,6
5,2022,VENETO,05,PUGLIA,16,11
5,2022,VENETO,05,SARDEGNA,20,7
5,2022,VENETO,05,SICILIA,19,25
5,2022,VENETO,05,TOSCANA,09,17
5,2022,VENETO,05,TRENTINO ALTO ADIGE,04,12
5,2022,VENETO,05,UMBRIA,10,2
5,2022,VENETO,05,VALLE D'AOSTA,02,1
5,2022,VENETO,05,VENETO,05,9451
6,2022,ABRUZZO,13,ABRUZZO,13,2073
6,2022,ABRUZZO,13,CAMPANIA,15,5
6,2022,ABRUZZO,13,EMILIA ROMAGNA,08,14
6,2022,ABRUZZO,13,FRIULI VENEZIA GIULIA,06,5
6,2022,ABRUZZO,13,LAZIO,12,10
6,2022,ABRUZZO,13,LOMBARDIA,03,12
6,2022,ABRUZZO,13,MARCHE,11,11
6,2022,ABRUZZO,13,MOLISE,14,4
6,2022,ABRUZZO,13,PIEMONTE,01,8
6,2022,ABRUZZO,13,PUGLIA,16,7
6,2022,ABRUZZO,13,SICILIA,19,2
6,2022,ABRUZZO,13,TOSCANA,09,6
6,2022,ABRUZZO,13,UMBRIA,10,2
6,2022,ABRUZZO,13,VENETO,05,11
6,2022,BASILICATA,17,ABRUZZO,13,2
6,2022,BASILICATA,17,BASILICATA,17,550
6,2022,BASILICATA,17,CALABRIA,18,2
6,2022,BASILICATA,17,CAMPANIA,15,7
6,2022,BASILICATA,17,EMILIA ROMAGNA,08,13
6,2022,BASILICATA,17,LAZIO,12,3
6,2022,BASILICATA,17,LIGURIA,07,1
6,2022,BASILICATA,17,LOMBARDIA,03,23
6,2022,BASILICATA,17,MARCHE,11,1
6,2022,BASILICATA,17,PIEMONTE,01,1
6,2022,BASILICATA,17,PUGLIA,16,9
6,2022,BASILICATA,17,SARDEGNA,20,1
6,2022,BASILICATA,17,TOSCANA,09,7
6,2022,BASILICATA,17,UMBRIA,10,1
6,2022,BASILICATA,17,VENETO,05,9
6,2022,CALABRIA,18,ABRUZZO,13,3
6,2022,CALABRIA,18,BASILICATA,17,1
6,2022,CALABRIA,18,CALABRIA,18,1838
6,2022,CALABRIA,18,CAMPANIA,15,5
6,2022,CALABRIA,18,EMILIA ROMAGNA,08,22
6,2022,CALABRIA,18,FRIULI VENEZIA GIULIA,06,2
6,2022,CALABRIA,18,LAZIO,12,15
6,2022,CALABRIA,18,LOMBARDIA,03,64
6,2022,CALABRIA,18,MARCHE,11,1
6,2022,CALABRIA,18,PIEMONTE,01,35
6,2022,CALABRIA,18,PUGLIA,16,6
6,2022,CALABRIA,18,SARDEGNA,20,1
6,2022,CALABRIA,18,SICILIA,19,18
6,2022,CALABRIA,18,TOSCANA,09,19
6,2022,CALABRIA,18,TRENTINO ALTO ADIGE,04,2
6,2022,CALABRIA,18,UMBRIA,10,6
6,2022,CALABRIA,18,VENETO,05,23
6,2022,CAMPANIA,15,ABRUZZO,13,19
6,2022,CAMPANIA,15,BASILICATA,17,3
6,2022,CAMPANIA,15,CALABRIA,18,22
6,2022,CAMPANIA,15,CAMPANIA,15,4952
6,2022,CAMPANIA,15,EMILIA ROMAGNA,08,74
6,2022,CAMPANIA,15,FRIULI VENEZIA GIULIA,06,8
6,2022,CAMPANIA,15,LAZIO,12,69
6,2022,CAMPANIA,15,LIGURIA,07,19
6,2022,CAMPANIA,15,LOMBARDIA,03,98
6,2022,CAMPANIA,15,MARCHE,11,16
6,2022,CAMPANIA,15,MOLISE,14,4
6,2022,CAMPANIA,15,PIEMONTE,01,27
6,2022,CAMPANIA,15,PUGLIA,16,7
6,2022,CAMPANIA,15,SARDEGNA,20,2
6,2022,CAMPANIA,15,SICILIA,19,19
6,2022,CAMPANIA,15,TOSCANA,09,41
6,2022,CAMPANIA,15,TRENTINO ALTO ADIGE,04,12
6,2022,CAMPANIA,15,UMBRIA,10,14
6,2022,CAMPANIA,15,VENETO,05,37
6,2022,EMILIA ROMAGNA,08,ABRUZZO,13,13
6,2022,EMILIA ROMAGNA,08,BASILICATA,17,4
6,2022,EMILIA ROMAGNA,08,CALABRIA,18,6
6,2022,EMILIA ROMAGNA,08,CAMPANIA,15,22
6,2022,EMILIA ROMAGNA,08,EMILIA ROMAGNA,08,7850
6,2022,EMILIA ROMAGNA,08,FRIULI VENEZIA GIULIA,06,4
6,2022,EMILIA ROMAGNA,08,LAZIO,12,11
6,2022,EMILIA ROMAGNA,08,LIGURIA,07,7
6,2022,EMILIA ROMAGNA,08,LOMBARDIA,03,65
6,2022,EMILIA ROMAGNA,08,MARCHE,11,21
6,2022,EMILIA ROMAGNA,08,MOLISE,14,1
6,2022,EMILIA ROMAGNA,08,PIEMONTE,01,21
6,2022,EMILIA ROMAGNA,08,PUGLIA,16,39
6,2022,EMILIA ROMAGNA,08,SARDEGNA,20,6
6,2022,EMILIA ROMAGNA,08,SICILIA,19,41
6,2022,EMILIA ROMAGNA,08,TOSCANA,09,16
6,2022,EMILIA ROMAGNA,08,TRENTINO ALTO ADIGE,04,7
6,2022,EMILIA ROMAGNA,08,UMBRIA,10,4
6,2022,EMILIA ROMAGNA,08,VENETO,05,25
6,2022,ESTERO,12,ABRUZZO,13,5
6,2022,ESTERO,13,ABRUZZO,13,10
6,2022,ESTERO,12,BASILICATA,17,1
6,2022,ESTERO,17,BASILICATA,17,3
6,2022,ESTERO,18,CALABRIA,18,11
6,2022,ESTERO,12,CAMPANIA,15,1
6,2022,ESTERO,15,CAMPANIA,15,45
6,2022,ESTERO,08,EMILIA ROMAGNA,08,16
6,2022,ESTERO,06,FRIULI VENEZIA GIULIA,06,12
6,2022,ESTERO,03,LAZIO,12,1
6,2022,ESTERO,08,LAZIO,12,1
6,2022,ESTERO,12,LAZIO,12,75
6,2022,ESTERO,19,LAZIO,12,1
6,2022,ESTERO,07,LIGURIA,07,3
6,2022,ESTERO,03,LOMBARDIA,03,80
6,2022,ESTERO,06,LOMBARDIA,03,1
6,2022,ESTERO,19,LOMBARDIA,03,1
6,2022,ESTERO,20,LOMBARDIA,03,1
6,2022,ESTERO,11,MARCHE,11,11
6,2022,ESTERO,14,MOLISE,14,1
6,2022,ESTERO,01,PIEMONTE,01,34
6,2022,ESTERO,19,PIEMONTE,01,2
6,2022,ESTERO,03,PUGLIA,16,1
6,2022,ESTERO,16,PUGLIA,16,41
6,2022,ESTERO,17,PUGLIA,16,1
6,2022,ESTERO,20,SARDEGNA,20,32
6,2022,ESTERO,01,SICILIA,19,1
6,2022,ESTERO,03,SICILIA,19,2
6,2022,ESTERO,15,SICILIA,19,2
6,2022,ESTERO,19,SICILIA,19,95
6,2022,ESTERO,09,TOSCANA,09,16
6,2022,ESTERO,03,TRENTINO ALTO ADIGE,04,1
6,2022,ESTERO,04,TRENTINO ALTO ADIGE,04,15
6,2022,ESTERO,10,UMBRIA,10,3
6,2022,ESTERO,03,VENETO,05,1
6,2022,ESTERO,05,VENETO,05,21
6,2022,FRIULI VENEZIA GIULIA,06,CAMPANIA,15,7
6,2022,FRIULI VENEZIA GIULIA,06,EMILIA ROMAGNA,08,4
6,2022,FRIULI VENEZIA GIULIA,06,FRIULI VENEZIA GIULIA,06,1731
6,2022,FRIULI VENEZIA GIULIA,06,LAZIO,12,3
6,2022,FRIULI VENEZIA GIULIA,06,LIGURIA,07,2
6,2022,FRIULI VENEZIA GIULIA,06,LOMBARDIA,03,9
6,2022,FRIULI VENEZIA GIULIA,06,PUGLIA,16,5
6,2022,FRIULI VENEZIA GIULIA,06,SARDEGNA,20,1
6,2022,FRIULI VENEZIA GIULIA,06,SICILIA,19,11
6,2022,FRIULI VENEZIA GIULIA,06,TOSCANA,09,5
6,2022,FRIULI VENEZIA GIULIA,06,UMBRIA,10,1
6,2022,FRIULI VENEZIA GIULIA,06,VENETO,05,33
6,2022,LAZIO,12,ABRUZZO,13,38
6,2022,LAZIO,12,BASILICATA,17,3
6,2022,LAZIO,12,CALABRIA,18,7
6,2022,LAZIO,12,CAMPANIA,15,33
6,2022,LAZIO,12,EMILIA ROMAGNA,08,21
6,2022,LAZIO,12,FRIULI VENEZIA GIULIA,06,9
6,2022,LAZIO,12,LAZIO,12,6608
6,2022,LAZIO,12,LIGURIA,07,9
6,2022,LAZIO,12,LOMBARDIA,03,58
6,2022,LAZIO,12,MARCHE,11,7
6,2022,LAZIO,12,MOLISE,14,1
6,2022,LAZIO,12,PIEMONTE,01,9
6,2022,LAZIO,12,PUGLIA,16,30
6,2022,LAZIO,12,SARDEGNA,20,17
6,2022,LAZIO,12,SICILIA,19,32
6,2022,LAZIO,12,TOSCANA,09,29
6,2022,LAZIO,12,TRENTINO ALTO ADIGE,04,4
6,2022,LAZIO,12,UMBRIA,10,31
6,2022,LAZIO,12,VENETO,05,28
6,2022,LIGURIA,07,ABRUZZO,13,1
6,2022,LIGURIA,07,CALABRIA,18,3
6,2022,LIGURIA,07,CAMPANIA,15,7
6,2022,LIGURIA,07,EMILIA ROMAGNA,08,7
6,2022,LIGURIA,07,FRIULI VENEZIA GIULIA,06,1
6,2022,LIGURIA,07,LAZIO,12,4
6,2022,LIGURIA,07,LIGURIA,07,2268
6,2022,LIGURIA,07,LOMBARDIA,03,20
6,2022,LIGURIA,07,PIEMONTE,01,12
6,2022,LIGURIA,07,PUGLIA,16,4
6,2022,LIGURIA,07,SICILIA,19,5
6,2022,LIGURIA,07,TOSCANA,09,7
6,2022,LIGURIA,07,TRENTINO ALTO ADIGE,04,1
6,2022,LIGURIA,07,VALLE D'AOSTA,02,4
6,2022,LOMBARDIA,03,ABRUZZO,13,4
6,2022,LOMBARDIA,03,BASILICATA,17,1
6,2022,LOMBARDIA,03,CALABRIA,18,19
6,2022,LOMBARDIA,03,CAMPANIA,15,39
6,2022,LOMBARDIA,03,EMILIA ROMAGNA,08,55
6,2022,LOMBARDIA,03,FRIULI VENEZIA GIULIA,06,8
6,2022,LOMBARDIA,03,LAZIO,12,24
6,2022,LOMBARDIA,03,LIGURIA,07,42
6,2022,LOMBARDIA,03,LOMBARDIA,03,17315
6,2022,LOMBARDIA,03,MARCHE,11,11
6,2022,LOMBARDIA,03,PIEMONTE,01,83
6,2022,LOMBARDIA,03,PUGLIA,16,33
6,2022,LOMBARDIA,03,SARDEGNA,20,16
6,2022,LOMBARDIA,03,SICILIA,19,86
6,2022,LOMBARDIA,03,TOSCANA,09,48
6,2022,LOMBARDIA,03,TRENTINO ALTO ADIGE,04,7
6,2022,LOMBARDIA,03,UMBRIA,10,9
6,2022,LOMBARDIA,03,VALLE D'AOSTA,02,4
6,2022,LOMBARDIA,03,VENETO,05,67
6,2022,MARCHE,11,ABRUZZO,13,7
6,2022,MARCHE,11,CAMPANIA,15,4
6,2022,MARCHE,11,EMILIA ROMAGNA,08,19
6,2022,MARCHE,11,LAZIO,12,5
6,2022,MARCHE,11,LIGURIA,07,2
6,2022,MARCHE,11,LOMBARDIA,03,16
6,2022,MARCHE,11,MARCHE,11,2148
6,2022,MARCHE,11,PIEMONTE,01,3
6,2022,MARCHE,11,PUGLIA,16,7
6,2022,MARCHE,11,SARDEGNA,20,2
6,2022,MARCHE,11,SICILIA,19,6
6,2022,MARCHE,11,TOSCANA,09,5
6,2022,MARCHE,11,TRENTINO ALTO ADIGE,04,1
6,2022,MARCHE,11,UMBRIA,10,8
6,2022,MARCHE,11,VENETO,05,7
6,2022,MOLISE,14,ABRUZZO,13,9
6,2022,MOLISE,14,CAMPANIA,15,5
6,2022,MOLISE,14,EMILIA ROMAGNA,08,6
6,2022,MOLISE,14,FRIULI VENEZIA GIULIA,06,2
6,2022,MOLISE,14,LAZIO,12,2
6,2022,MOLISE,14,LIGURIA,07,1
6,2022,MOLISE,14,LOMBARDIA,03,8
6,2022,MOLISE,14,MARCHE,11,4
6,2022,MOLISE,14,MOLISE,14,368
6,2022,MOLISE,14,PIEMONTE,01,1
6,2022,MOLISE,14,PUGLIA,16,1
6,2022,MOLISE,14,TOSCANA,09,5
6,2022,MOLISE,14,UMBRIA,10,1
6,2022,MOLISE,14,VENETO,05,6
6,2022,PIEMONTE,01,ABRUZZO,13,1
6,2022,PIEMONTE,01,CALABRIA,18,9
6,2022,PIEMONTE,01,CAMPANIA,15,10
6,2022,PIEMONTE,01,EMILIA ROMAGNA,08,16
6,2022,PIEMONTE,01,FRIULI VENEZIA GIULIA,06,4
6,2022,PIEMONTE,01,LAZIO,12,6
6,2022,PIEMONTE,01,LIGURIA,07,35
6,2022,PIEMONTE,01,LOMBARDIA,03,72
6,2022,PIEMONTE,01,MARCHE,11,11
6,2022,PIEMONTE,01,PIEMONTE,01,6275
6,2022,PIEMONTE,01,PUGLIA,16,17
6,2022,PIEMONTE,01,SARDEGNA,20,7
6,2022,PIEMONTE,01,SICILIA,19,33
6,2022,PIEMONTE,01,TOSCANA,09,11
6,2022,PIEMONTE,01,TRENTINO ALTO ADIGE,04,2
6,2022,PIEMONTE,01,UMBRIA,10,1
6,2022,PIEMONTE,01,VALLE D'AOSTA,02,2
6,2022,PIEMONTE,01,VENETO,05,21
6,2022,PUGLIA,16,ABRUZZO,13,24
6,2022,PUGLIA,16,BASILICATA,17,4
6,2022,PUGLIA,16,CALABRIA,18,3
6,2022,PUGLIA,16,CAMPANIA,15,11
6,2022,PUGLIA,16,EMILIA ROMAGNA,08,80
6,2022,PUGLIA,16,FRIULI VENEZIA GIULIA,06,3
6,2022,PUGLIA,16,LAZIO,12,17
6,2022,PUGLIA,16,LIGURIA,07,4
6,2022,PUGLIA,16,LOMBARDIA,03,80
6,2022,PUGLIA,16,MARCHE,11,4
6,2022,PUGLIA,16,MOLISE,14,11
6,2022,PUGLIA,16,PIEMONTE,01,26
6,2022,PUGLIA,16,PUGLIA,16,4468
6,2022,PUGLIA,16,SARDEGNA,20,5
6,2022,PUGLIA,16,SICILIA,19,12
6,2022,PUGLIA,16,TOSCANA,09,12
6,2022,PUGLIA,16,TRENTINO ALTO ADIGE,04,3
6,2022,PUGLIA,16,UMBRIA,10,4
6,2022,PUGLIA,16,VENETO,05,40
6,2022,SARDEGNA,20,CAMPANIA,15,5
6,2022,SARDEGNA,20,EMILIA ROMAGNA,08,6
6,2022,SARDEGNA,20,FRIULI VENEZIA GIULIA,06,2
6,2022,SARDEGNA,20,LAZIO,12,3
6,2022,SARDEGNA,20,LIGURIA,07,6
6,2022,SARDEGNA,20,LOMBARDIA,03,19
6,2022,SARDEGNA,20,PIEMONTE,01,6
6,2022,SARDEGNA,20,PUGLIA,16,1
6,2022,SARDEGNA,20,SARDEGNA,20,2788
6,2022,SARDEGNA,20,SICILIA,19,5
6,2022,SARDEGNA,20,TOSCANA,09,11
6,2022,SARDEGNA,20,TRENTINO ALTO ADIGE,04,1
6,2022,SARDEGNA,20,UMBRIA,10,1
6,2022,SARDEGNA,20,VENETO,05,9
6,2022,SICILIA,19,ABRUZZO,13,7
6,2022,SICILIA,19,CALABRIA,18,8
6,2022,SICILIA,19,CAMPANIA,15,12
6,2022,SICILIA,19,EMILIA ROMAGNA,08,63
6,2022,SICILIA,19,FRIULI VENEZIA GIULIA,06,20
6,2022,SICILIA,19,LAZIO,12,21
6,2022,SICILIA,19,LIGURIA,07,7
6,2022,SICILIA,19,LOMBARDIA,03,158
6,2022,SICILIA,19,MARCHE,11,7
6,2022,SICILIA,19,MOLISE,14,1
6,2022,SICILIA,19,PIEMONTE,01,40
6,2022,SICILIA,19,PUGLIA,16,5
6,2022,SICILIA,19,SARDEGNA,20,4
6,2022,SICILIA,19,SICILIA,19,12668
6,2022,SICILIA,19,TOSCANA,09,36
6,2022,SICILIA,19,TRENTINO ALTO ADIGE,04,4
6,2022,SICILIA,19,UMBRIA,10,9
6,2022,SICILIA,19,VENETO,05,59
6,2022,TOSCANA,09,ABRUZZO,13,7
6,2022,TOSCANA,09,BASILICATA,17,1
6,2022,TOSCANA,09,CALABRIA,18,6
6,2022,TOSCANA,09,CAMPANIA,15,7
6,2022,TOSCANA,09,EMILIA ROMAGNA,08,29
6,2022,TOSCANA,09,FRIULI VENEZIA GIULIA,06,3
6,2022,TOSCANA,09,LAZIO,12,14
6,2022,TOSCANA,09,LIGURIA,07,10
6,2022,TOSCANA,09,LOMBARDIA,03,42
6,2022,TOSCANA,09,MARCHE,11,6
6,2022,TOSCANA,09,PIEMONTE,01,18
6,2022,TOSCANA,09,SARDEGNA,20,6
6,2022,TOSCANA,09,SICILIA,19,16
6,2022,TOSCANA,09,TOSCANA,09,6726
6,2022,TOSCANA,09,TRENTINO ALTO ADIGE,04,2
6,2022,TOSCANA,09,UMBRIA,10,12
6,2022,TOSCANA,09,VENETO,05,17
6,2022,TRENTINO ALTO ADIGE,04,ABRUZZO,13,2
6,2022,TRENTINO ALTO ADIGE,04,CAMPANIA,15,2
6,2022,TRENTINO ALTO ADIGE,04,EMILIA ROMAGNA,08,8
6,2022,TRENTINO ALTO ADIGE,04,FRIULI VENEZIA GIULIA,06,2
6,2022,TRENTINO ALTO ADIGE,04,LAZIO,12,1
6,2022,TRENTINO ALTO ADIGE,04,LIGURIA,07,1
6,2022,TRENTINO ALTO ADIGE,04,LOMBARDIA,03,7
6,2022,TRENTINO ALTO ADIGE,04,MARCHE,11,2
6,2022,TRENTINO ALTO ADIGE,04,PIEMONTE,01,3
6,2022,TRENTINO ALTO ADIGE,04,PUGLIA,16,5
6,2022,TRENTINO ALTO ADIGE,04,SARDEGNA,20,2
6,2022,TRENTINO ALTO ADIGE,04,SICILIA,19,2
6,2022,TRENTINO ALTO ADIGE,04,TOSCANA,09,1
6,2022,TRENTINO ALTO ADIGE,04,TRENTINO ALTO ADIGE,04,836
6,2022,TRENTINO ALTO ADIGE,04,UMBRIA,10,1
6,2022,TRENTINO ALTO ADIGE,04,VENETO,05,17
6,2022,UMBRIA,10,ABRUZZO,13,1
6,2022,UMBRIA,10,CALABRIA,18,5
6,2022,UMBRIA,10,CAMPANIA,15,4
6,2022,UMBRIA,10,EMILIA ROMAGNA,08,12
6,2022,UMBRIA,10,LAZIO,12,7
6,2022,UMBRIA,10,LIGURIA,07,3
6,2022,UMBRIA,10,LOMBARDIA,03,7
6,2022,UMBRIA,10,MARCHE,11,4
6,2022,UMBRIA,10,PIEMONTE,01,2
6,2022,UMBRIA,10,PUGLIA,16,1
6,2022,UMBRIA,10,SARDEGNA,20,2
6,2022,UMBRIA,10,TOSCANA,09,7
6,2022,UMBRIA,10,TRENTINO ALTO ADIGE,04,1
6,2022,UMBRIA,10,UMBRIA,10,2359
6,2022,UMBRIA,10,VALLE D'AOSTA,02,2
6,2022,UMBRIA,10,VENETO,05,5
6,2022,VALLE D'AOSTA,02,LAZIO,12,2
6,2022,VALLE D'AOSTA,02,LIGURIA,07,2
6,2022,VALLE D'AOSTA,02,LOMBARDIA,03,1
6,2022,VALLE D'AOSTA,02,PIEMONTE,01,4
6,2022,VALLE D'AOSTA,02,SICILIA,19,3
6,2022,VALLE D'AOSTA,02,UMBRIA,10,1
6,2022,VALLE D'AOSTA,02,VALLE D'AOSTA,02,79
6,2022,VENETO,05,CALABRIA,18,2
6,2022,VENETO,05,CAMPANIA,15,7
6,2022,VENETO,05,EMILIA ROMAGNA,08,24
6,2022,VENETO,05,FRIULI VENEZIA GIULIA,06,21
6,2022,VENETO,05,LAZIO,12,10
6,2022,VENETO,05,LIGURIA,07,5
6,2022,VENETO,05,LOMBARDIA,03,54
6,2022,VENETO,05,MARCHE,11,5
6,2022,VENETO,05,PIEMONTE,01,7
6,2022,VENETO,05,PUGLIA,16,10
6,2022,VENETO,05,SARDEGNA,20,2
6,2022,VENETO,05,SICILIA,19,35
6,2022,VENETO,05,TOSCANA,09,14
6,2022,VENETO,05,TRENTINO ALTO ADIGE,04,5
6,2022,VENETO,05,UMBRIA,10,2
6,2022,VENETO,05,VENETO,05,9941
7,2022,ABRUZZO,13,ABRUZZO,13,2233
7,2022,ABRUZZO,13,CAMPANIA,15,3
7,2022,ABRUZZO,13,EMILIA ROMAGNA,08,16
7,2022,ABRUZZO,13,FRIULI VENEZIA GIULIA,06,1
7,2022,ABRUZZO,13,LAZIO,12,13
7,2022,ABRUZZO,13,LOMBARDIA,03,17
7,2022,ABRUZZO,13,MARCHE,11,3
7,2022,ABRUZZO,13,MOLISE,14,1
7,2022,ABRUZZO,13,PIEMONTE,01,4
7,2022,ABRUZZO,13,PUGLIA,16,1
7,2022,ABRUZZO,13,SARDEGNA,20,1
7,2022,ABRUZZO,13,SICILIA,19,6
7,2022,ABRUZZO,13,TOSCANA,09,5
7,2022,ABRUZZO,13,TRENTINO ALTO ADIGE,04,1
7,2022,ABRUZZO,13,UMBRIA,10,6
7,2022,ABRUZZO,13,VENETO,05,9
7,2022,BASILICATA,17,ABRUZZO,13,3
7,2022,BASILICATA,17,BASILICATA,17,610
7,2022,BASILICATA,17,CALABRIA,18,2
7,2022,BASILICATA,17,CAMPANIA,15,3
7,2022,BASILICATA,17,EMILIA ROMAGNA,08,13
7,2022,BASILICATA,17,LAZIO,12,4
7,2022,BASILICATA,17,LIGURIA,07,2
7,2022,BASILICATA,17,LOMBARDIA,03,8
7,2022,BASILICATA,17,MARCHE,11,2
7,2022,BASILICATA,17,PIEMONTE,01,10
7,2022,BASILICATA,17,PUGLIA,16,6
7,2022,BASILICATA,17,SICILIA,19,4
7,2022,BASILICATA,17,TOSCANA,09,8
7,2022,BASILICATA,17,UMBRIA,10,3
7,2022,BASILICATA,17,VENETO,05,6
7,2022,CALABRIA,18,ABRUZZO,13,2
7,2022,CALABRIA,18,CALABRIA,18,1815
7,2022,CALABRIA,18,CAMPANIA,15,5
7,2022,CALABRIA,18,EMILIA ROMAGNA,08,20
7,2022,CALABRIA,18,FRIULI VENEZIA GIULIA,06,2
7,2022,CALABRIA,18,LAZIO,12,15
7,2022,CALABRIA,18,LIGURIA,07,6
7,2022,CALABRIA,18,LOMBARDIA,03,62
7,2022,CALABRIA,18,MARCHE,11,4
7,2022,CALABRIA,18,PIEMONTE,01,27
7,2022,CALABRIA,18,PUGLIA,16,5
7,2022,CALABRIA,18,SICILIA,19,14
7,2022,CALABRIA,18,TOSCANA,09,14
7,2022,CALABRIA,18,UMBRIA,10,12
7,2022,CALABRIA,18,VALLE D'AOSTA,02,1
7,2022,CALABRIA,18,VENETO,05,15
7,2022,CAMPANIA,15,ABRUZZO,13,22
7,2022,CAMPANIA,15,BASILICATA,17,4
7,2022,CAMPANIA,15,CALABRIA,18,14
7,2022,CAMPANIA,15,CAMPANIA,15,5804
7,2022,CAMPANIA,15,EMILIA ROMAGNA,08,87
7,2022,CAMPANIA,15,FRIULI VENEZIA GIULIA,06,11
7,2022,CAMPANIA,15,LAZIO,12,48
7,2022,CAMPANIA,15,LIGURIA,07,8
7,2022,CAMPANIA,15,LOMBARDIA,03,138
7,2022,CAMPANIA,15,MARCHE,11,10
7,2022,CAMPANIA,15,MOLISE,14,7
7,2022,CAMPANIA,15,PIEMONTE,01,41
7,2022,CAMPANIA,15,PUGLIA,16,13
7,2022,CAMPANIA,15,SARDEGNA,20,20
7,2022,CAMPANIA,15,SICILIA,19,21
7,2022,CAMPANIA,15,TOSCANA,09,46
7,2022,CAMPANIA,15,TRENTINO ALTO ADIGE,04,6
7,2022,CAMPANIA,15,UMBRIA,10,13
7,2022,CAMPANIA,15,VENETO,05,60
7,2022,EMILIA ROMAGNA,08,ABRUZZO,13,20
7,2022,EMILIA ROMAGNA,08,BASILICATA,17,6
7,2022,EMILIA ROMAGNA,08,CALABRIA,18,8
7,2022,EMILIA ROMAGNA,08,CAMPANIA,15,25
7,2022,EMILIA ROMAGNA,08,EMILIA ROMAGNA,08,8354
7,2022,EMILIA ROMAGNA,08,FRIULI VENEZIA GIULIA,06,8
7,2022,EMILIA ROMAGNA,08,LAZIO,12,10
7,2022,EMILIA ROMAGNA,08,LIGURIA,07,7
7,2022,EMILIA ROMAGNA,08,LOMBARDIA,03,77
7,2022,EMILIA ROMAGNA,08,MARCHE,11,18
7,2022,EMILIA ROMAGNA,08,MOLISE,14,2
7,2022,EMILIA ROMAGNA,08,PIEMONTE,01,18
7,2022,EMILIA ROMAGNA,08,PUGLIA,16,22
7,2022,EMILIA ROMAGNA,08,SARDEGNA,20,14
7,2022,EMILIA ROMAGNA,08,SICILIA,19,51
7,2022,EMILIA ROMAGNA,08,TOSCANA,09,19
7,2022,EMILIA ROMAGNA,08,TRENTINO ALTO ADIGE,04,9
7,2022,EMILIA ROMAGNA,08,UMBRIA,10,1
7,2022,EMILIA ROMAGNA,08,VENETO,05,37
7,2022,ESTERO,13,ABRUZZO,13,20
7,2022,ESTERO,17,BASILICATA,17,3
7,2022,ESTERO,18,CALABRIA,18,21
7,2022,ESTERO,03,CAMPANIA,15,1
7,2022,ESTERO,15,CAMPANIA,15,25
7,2022,ESTERO,08,EMILIA ROMAGNA,08,30
7,2022,ESTERO,14,EMILIA ROMAGNA,08,1
7,2022,ESTERO,15,EMILIA ROMAGNA,08,1
7,2022,ESTERO,16,EMILIA ROMAGNA,08,1
7,2022,ESTERO,06,FRIULI VENEZIA GIULIA,06,3
7,2022,ESTERO,08,LAZIO,12,2
7,2022,ESTERO,11,LAZIO,12,1
7,2022,ESTERO,12,LAZIO,12,52
7,2022,ESTERO,15,LAZIO,12,3
7,2022,ESTERO,03,LIGURIA,07,1
7,2022,ESTERO,07,LIGURIA,07,12
7,2022,ESTERO,01,LOMBARDIA,03,1
7,2022,ESTERO,03,LOMBARDIA,03,66
7,2022,ESTERO,09,LOMBARDIA,03,1
7,2022,ESTERO,19,LOMBARDIA,03,1
7,2022,ESTERO,20,LOMBARDIA,03,1
7,2022,ESTERO,08,MARCHE,11,1
7,2022,ESTERO,11,MARCHE,11,5
7,2022,ESTERO,05,MOLISE,14,1
7,2022,ESTERO,14,MOLISE,14,8
7,2022,ESTERO,01,PIEMONTE,01,27
7,2022,ESTERO,07,PIEMONTE,01,1
7,2022,ESTERO,09,PUGLIA,16,1
7,2022,ESTERO,16,PUGLIA,16,27
7,2022,ESTERO,17,PUGLIA,16,1
7,2022,ESTERO,20,SARDEGNA,20,9
7,2022,ESTERO,07,SICILIA,19,1
7,2022,ESTERO,13,SICILIA,19,1
7,2022,ESTERO,19,SICILIA,19,164
7,2022,ESTERO,09,TOSCANA,09,21
7,2022,ESTERO,19,TOSCANA,09,1
7,2022,ESTERO,04,TRENTINO ALTO ADIGE,04,7
7,2022,ESTERO,10,UMBRIA,10,4
7,2022,ESTERO,01,VENETO,05,1
7,2022,ESTERO,03,VENETO,05,1
7,2022,ESTERO,05,VENETO,05,29
7,2022,ESTERO,12,VENETO,05,1
7,2022,ESTERO,19,VENETO,05,1
7,2022,FRIULI VENEZIA GIULIA,06,CAMPANIA,15,2
7,2022,FRIULI VENEZIA GIULIA,06,EMILIA ROMAGNA,08,3
7,2022,FRIULI VENEZIA GIULIA,06,FRIULI VENEZIA GIULIA,06,1675
7,2022,FRIULI VENEZIA GIULIA,06,LAZIO,12,7
7,2022,FRIULI VENEZIA GIULIA,06,LIGURIA,07,1
7,2022,FRIULI VENEZIA GIULIA,06,LOMBARDIA,03,22
7,2022,FRIULI VENEZIA GIULIA,06,MARCHE,11,2
7,2022,FRIULI VENEZIA GIULIA,06,PIEMONTE,01,1
7,2022,FRIULI VENEZIA GIULIA,06,PUGLIA,16,4
7,2022,FRIULI VENEZIA GIULIA,06,SICILIA,19,7
7,2022,FRIULI VENEZIA GIULIA,06,TOSCANA,09,3
7,2022,FRIULI VENEZIA GIULIA,06,TRENTINO ALTO ADIGE,04,1
7,2022,FRIULI VENEZIA GIULIA,06,UMBRIA,10,1
7,2022,FRIULI VENEZIA GIULIA,06,VENETO,05,35
7,2022,LAZIO,12,ABRUZZO,13,37
7,2022,LAZIO,12,BASILICATA,17,7
7,2022,LAZIO,12,CALABRIA,18,10
7,2022,LAZIO,12,CAMPANIA,15,36
7,2022,LAZIO,12,EMILIA ROMAGNA,08,39
7,2022,LAZIO,12,FRIULI VENEZIA GIULIA,06,5
7,2022,LAZIO,12,LAZIO,12,6574
7,2022,LAZIO,12,LIGURIA,07,11
7,2022,LAZIO,12,LOMBARDIA,03,57
7,2022,LAZIO,12,MARCHE,11,17
7,2022,LAZIO,12,MOLISE,14,2
7,2022,LAZIO,12,PIEMONTE,01,23
7,2022,LAZIO,12,PUGLIA,16,29
7,2022,LAZIO,12,SARDEGNA,20,12
7,2022,LAZIO,12,SICILIA,19,43
7,2022,LAZIO,12,TOSCANA,09,64
7,2022,LAZIO,12,TRENTINO ALTO ADIGE,04,5
7,2022,LAZIO,12,UMBRIA,10,37
7,2022,LAZIO,12,VENETO,05,38
7,2022,LIGURIA,07,ABRUZZO,13,4
7,2022,LIGURIA,07,CALABRIA,18,2
7,2022,LIGURIA,07,CAMPANIA,15,7
7,2022,LIGURIA,07,EMILIA ROMAGNA,08,4
7,2022,LIGURIA,07,LAZIO,12,4
7,2022,LIGURIA,07,LIGURIA,07,1921
7,2022,LIGURIA,07,LOMBARDIA,03,17
7,2022,LIGURIA,07,MARCHE,11,3
7,2022,LIGURIA,07,PIEMONTE,01,16
7,2022,LIGURIA,07,PUGLIA,16,3
7,2022,LIGURIA,07,SARDEGNA,20,5
7,2022,LIGURIA,07,SICILIA,19,10
7,2022,LIGURIA,07,TOSCANA,09,22
7,2022,LIGURIA,07,TRENTINO ALTO ADIGE,04,1
7,2022,LIGURIA,07,UMBRIA,10,1
7,2022,LIGURIA,07,VENETO,05,6
7,2022,LOMBARDIA,03,ABRUZZO,13,11
7,2022,LOMBARDIA,03,BASILICATA,17,3
7,2022,LOMBARDIA,03,CALABRIA,18,16
7,2022,LOMBARDIA,03,CAMPANIA,15,24
7,2022,LOMBARDIA,03,EMILIA ROMAGNA,08,68
7,2022,LOMBARDIA,03,FRIULI VENEZIA GIULIA,06,4
7,2022,LOMBARDIA,03,LAZIO,12,32
7,2022,LOMBARDIA,03,LIGURIA,07,41
7,2022,LOMBARDIA,03,LOMBARDIA,03,19608
7,2022,LOMBARDIA,03,MARCHE,11,14
7,2022,LOMBARDIA,03,PIEMONTE,01,75
7,2022,LOMBARDIA,03,PUGLIA,16,46
7,2022,LOMBARDIA,03,SARDEGNA,20,32
7,2022,LOMBARDIA,03,SICILIA,19,93
7,2022,LOMBARDIA,03,TOSCANA,09,51
7,2022,LOMBARDIA,03,TRENTINO ALTO ADIGE,04,10
7,2022,LOMBARDIA,03,UMBRIA,10,13
7,2022,LOMBARDIA,03,VALLE D'AOSTA,02,7
7,2022,LOMBARDIA,03,VENETO,05,70
7,2022,MARCHE,11,ABRUZZO,13,13
7,2022,MARCHE,11,CAMPANIA,15,2
7,2022,MARCHE,11,EMILIA ROMAGNA,08,19
7,2022,MARCHE,11,FRIULI VENEZIA GIULIA,06,1
7,2022,MARCHE,11,LAZIO,12,8
7,2022,MARCHE,11,LIGURIA,07,2
7,2022,MARCHE,11,LOMBARDIA,03,19
7,2022,MARCHE,11,MARCHE,11,2175
7,2022,MARCHE,11,MOLISE,14,1
7,2022,MARCHE,11,PIEMONTE,01,2
7,2022,MARCHE,11,PUGLIA,16,9
7,2022,MARCHE,11,SARDEGNA,20,2
7,2022,MARCHE,11,SICILIA,19,6
7,2022,MARCHE,11,TOSCANA,09,4
7,2022,MARCHE,11,TRENTINO ALTO ADIGE,04,3
7,2022,MARCHE,11,UMBRIA,10,8
7,2022,MARCHE,11,VENETO,05,5
7,2022,MOLISE,14,ABRUZZO,13,8
7,2022,MOLISE,14,CAMPANIA,15,2
7,2022,MOLISE,14,EMILIA ROMAGNA,08,5
7,2022,MOLISE,14,LAZIO,12,5
7,2022,MOLISE,14,LOMBARDIA,03,4
7,2022,MOLISE,14,MARCHE,11,1
7,2022,MOLISE,14,MOLISE,14,362
7,2022,MOLISE,14,PIEMONTE,01,2
7,2022,MOLISE,14,SARDEGNA,20,1
7,2022,MOLISE,14,SICILIA,19,1
7,2022,MOLISE,14,TOSCANA,09,2
7,2022,MOLISE,14,UMBRIA,10,1
7,2022,MOLISE,14,VENETO,05,2
7,2022,PIEMONTE,01,ABRUZZO,13,5
7,2022,PIEMONTE,01,CALABRIA,18,15
7,2022,PIEMONTE,01,CAMPANIA,15,15
7,2022,PIEMONTE,01,EMILIA ROMAGNA,08,21
7,2022,PIEMONTE,01,FRIULI VENEZIA GIULIA,06,4
7,2022,PIEMONTE,01,LAZIO,12,10
7,2022,PIEMONTE,01,LIGURIA,07,24
7,2022,PIEMONTE,01,LOMBARDIA,03,85
7,2022,PIEMONTE,01,MARCHE,11,7
7,2022,PIEMONTE,01,MOLISE,14,2
7,2022,PIEMONTE,01,PIEMONTE,01,6636
7,2022,PIEMONTE,01,PUGLIA,16,12
7,2022,PIEMONTE,01,SARDEGNA,20,10
7,2022,PIEMONTE,01,SICILIA,19,25
7,2022,PIEMONTE,01,TOSCANA,09,11
7,2022,PIEMONTE,01,TRENTINO ALTO ADIGE,04,1
7,2022,PIEMONTE,01,UMBRIA,10,1
7,2022,PIEMONTE,01,VALLE D'AOSTA,02,2
7,2022,PIEMONTE,01,VENETO,05,11
7,2022,PUGLIA,16,ABRUZZO,13,20
7,2022,PUGLIA,16,BASILICATA,17,23
7,2022,PUGLIA,16,CALABRIA,18,5
7,2022,PUGLIA,16,CAMPANIA,15,15
7,2022,PUGLIA,16,EMILIA ROMAGNA,08,84
7,2022,PUGLIA,16,FRIULI VENEZIA GIULIA,06,9
7,2022,PUGLIA,16,LAZIO,12,25
7,2022,PUGLIA,16,LIGURIA,07,3
7,2022,PUGLIA,16,LOMBARDIA,03,99
7,2022,PUGLIA,16,MARCHE,11,12
7,2022,PUGLIA,16,MOLISE,14,2
7,2022,PUGLIA,16,PIEMONTE,01,31
7,2022,PUGLIA,16,PUGLIA,16,4057
7,2022,PUGLIA,16,SARDEGNA,20,1
7,2022,PUGLIA,16,SICILIA,19,21
7,2022,PUGLIA,16,TOSCANA,09,20
7,2022,PUGLIA,16,TRENTINO ALTO ADIGE,04,3
7,2022,PUGLIA,16,UMBRIA,10,4
7,2022,PUGLIA,16,VALLE D'AOSTA,02,1
7,2022,PUGLIA,16,VENETO,05,40
7,2022,SARDEGNA,20,ABRUZZO,13,1
7,2022,SARDEGNA,20,BASILICATA,17,1
7,2022,SARDEGNA,20,CALABRIA,18,2
7,2022,SARDEGNA,20,CAMPANIA,15,4
7,2022,SARDEGNA,20,EMILIA ROMAGNA,08,4
7,2022,SARDEGNA,20,FRIULI VENEZIA GIULIA,06,1
7,2022,SARDEGNA,20,LAZIO,12,1
7,2022,SARDEGNA,20,LIGURIA,07,8
7,2022,SARDEGNA,20,LOMBARDIA,03,31
7,2022,SARDEGNA,20,PIEMONTE,01,15
7,2022,SARDEGNA,20,PUGLIA,16,1
7,2022,SARDEGNA,20,SARDEGNA,20,3148
7,2022,SARDEGNA,20,SICILIA,19,3
7,2022,SARDEGNA,20,TOSCANA,09,11
7,2022,SARDEGNA,20,TRENTINO ALTO ADIGE,04,2
7,2022,SARDEGNA,20,UMBRIA,10,2
7,2022,SARDEGNA,20,VENETO,05,7
7,2022,SICILIA,19,ABRUZZO,13,2
7,2022,SICILIA,19,BASILICATA,17,3
7,2022,SICILIA,19,CALABRIA,18,7
7,2022,SICILIA,19,CAMPANIA,15,5
7,2022,SICILIA,19,EMILIA ROMAGNA,08,46
7,2022,SICILIA,19,FRIULI VENEZIA GIULIA,06,8
7,2022,SICILIA,19,LAZIO,12,22
7,2022,SICILIA,19,LIGURIA,07,14
7,2022,SICILIA,19,LOMBARDIA,03,104
7,2022,SICILIA,19,MARCHE,11,8
7,2022,SICILIA,19,PIEMONTE,01,54
7,2022,SICILIA,19,PUGLIA,16,6
7,2022,SICILIA,19,SICILIA,19,13856
7,2022,SICILIA,19,TOSCANA,09,40
7,2022,SICILIA,19,TRENTINO ALTO ADIGE,04,4
7,2022,SICILIA,19,UMBRIA,10,2
7,2022,SICILIA,19,VALLE D'AOSTA,02,2
7,2022,SICILIA,19,VENETO,05,82
7,2022,TOSCANA,09,ABRUZZO,13,10
7,2022,TOSCANA,09,BASILICATA,17,3
7,2022,TOSCANA,09,CALABRIA,18,6
7,2022,TOSCANA,09,CAMPANIA,15,24
7,2022,TOSCANA,09,EMILIA ROMAGNA,08,22
7,2022,TOSCANA,09,FRIULI VENEZIA GIULIA,06,1
7,2022,TOSCANA,09,LAZIO,12,13
7,2022,TOSCANA,09,LIGURIA,07,9
7,2022,TOSCANA,09,LOMBARDIA,03,48
7,2022,TOSCANA,09,MARCHE,11,10
7,2022,TOSCANA,09,PIEMONTE,01,19
7,2022,TOSCANA,09,PUGLIA,16,10
7,2022,TOSCANA,09,SARDEGNA,20,10
7,2022,TOSCANA,09,SICILIA,19,22
7,2022,TOSCANA,09,TOSCANA,09,6991
7,2022,TOSCANA,09,TRENTINO ALTO ADIGE,04,4
7,2022,TOSCANA,09,UMBRIA,10,21
7,2022,TOSCANA,09,VENETO,05,19
7,2022,TRENTINO ALTO ADIGE,04,CAMPANIA,15,2
7,2022,TRENTINO ALTO ADIGE,04,EMILIA ROMAGNA,08,12
7,2022,TRENTINO ALTO ADIGE,04,FRIULI VENEZIA GIULIA,06,1
7,2022,TRENTINO ALTO ADIGE,04,LAZIO,12,5
7,2022,TRENTINO ALTO ADIGE,04,LIGURIA,07,1
7,2022,TRENTINO ALTO ADIGE,04,LOMBARDIA,03,5
7,2022,TRENTINO ALTO ADIGE,04,MARCHE,11,2
7,2022,TRENTINO ALTO ADIGE,04,PIEMONTE,01,4
7,2022,TRENTINO ALTO ADIGE,04,PUGLIA,16,4
7,2022,TRENTINO ALTO ADIGE,04,SICILIA,19,1
7,2022,TRENTINO ALTO ADIGE,04,TOSCANA,09,2
7,2022,TRENTINO ALTO ADIGE,04,TRENTINO ALTO ADIGE,04,898
7,2022,TRENTINO ALTO ADIGE,04,UMBRIA,10,2
7,2022,TRENTINO ALTO ADIGE,04,VENETO,05,18
7,2022,UMBRIA,10,ABRUZZO,13,2
7,2022,UMBRIA,10,CAMPANIA,15,3
7,2022,UMBRIA,10,EMILIA ROMAGNA,08,15
7,2022,UMBRIA,10,LAZIO,12,17
7,2022,UMBRIA,10,LOMBARDIA,03,2
7,2022,UMBRIA,10,MARCHE,11,2
7,2022,UMBRIA,10,PIEMONTE,01,2
7,2022,UMBRIA,10,PUGLIA,16,3
7,2022,UMBRIA,10,SARDEGNA,20,2
7,2022,UMBRIA,10,SICILIA,19,4
7,2022,UMBRIA,10,TOSCANA,09,9
7,2022,UMBRIA,10,TRENTINO ALTO ADIGE,04,2
7,2022,UMBRIA,10,UMBRIA,10,2484
7,2022,UMBRIA,10,VENETO,05,5
7,2022,VALLE D'AOSTA,02,ABRUZZO,13,1
7,2022,VALLE D'AOSTA,02,LAZIO,12,1
7,2022,VALLE D'AOSTA,02,LOMBARDIA,03,2
7,2022,VALLE D'AOSTA,02,PIEMONTE,01,3
7,2022,VALLE D'AOSTA,02,VALLE D'AOSTA,02,148
7,2022,VENETO,05,ABRUZZO,13,3
7,2022,VENETO,05,CALABRIA,18,5
7,2022,VENETO,05,CAMPANIA,15,4
7,2022,VENETO,05,EMILIA ROMAGNA,08,21
7,2022,VENETO,05,FRIULI VENEZIA GIULIA,06,17
7,2022,VENETO,05,LAZIO,12,6
7,2022,VENETO,05,LIGURIA,07,3
7,2022,VENETO,05,LOMBARDIA,03,64
7,2022,VENETO,05,MARCHE,11,7
7,2022,VENETO,05,MOLISE,14,1
7,2022,VENETO,05,PIEMONTE,01,10
7,2022,VENETO,05,PUGLIA,16,20
7,2022,VENETO,05,SARDEGNA,20,11
7,2022,VENETO,05,SICILIA,19,27
7,2022,VENETO,05,TOSCANA,09,8
7,2022,VENETO,05,TRENTINO ALTO ADIGE,04,15
7,2022,VENETO,05,UMBRIA,10,5
7,2022,VENETO,05,VALLE D'AOSTA,02,1
7,2022,VENETO,05,VENETO,05,10393
8,2022,ABRUZZO,13,ABRUZZO,13,1754
8,2022,ABRUZZO,13,CAMPANIA,15,2
8,2022,ABRUZZO,13,EMILIA ROMAGNA,08,18
8,2022,ABRUZZO,13,FRIULI VENEZIA GIULIA,06,1
8,2022,ABRUZZO,13,LAZIO,12,16
8,2022,ABRUZZO,13,LOMBARDIA,03,29
8,2022,ABRUZZO,13,MARCHE,11,13
8,2022,ABRUZZO,13,MOLISE,14,3
8,2022,ABRUZZO,13,PIEMONTE,01,2
8,2022,ABRUZZO,13,PUGLIA,16,4
8,2022,ABRUZZO,13,SICILIA,19,4
8,2022,ABRUZZO,13,TOSCANA,09,5
8,2022,ABRUZZO,13,TRENTINO ALTO ADIGE,04,1
8,2022,ABRUZZO,13,UMBRIA,10,4
8,2022,ABRUZZO,13,VENETO,05,11
8,2022,BASILICATA,17,ABRUZZO,13,3
8,2022,BASILICATA,17,BASILICATA,17,524
8,2022,BASILICATA,17,CAMPANIA,15,4
8,2022,BASILICATA,17,EMILIA ROMAGNA,08,13
8,2022,BASILICATA,17,FRIULI VENEZIA GIULIA,06,1
8,2022,BASILICATA,17,LAZIO,12,5
8,2022,BASILICATA,17,LOMBARDIA,03,20
8,2022,BASILICATA,17,MARCHE,11,1
8,2022,BASILICATA,17,MOLISE,14,1
8,2022,BASILICATA,17,PIEMONTE,01,6
8,2022,BASILICATA,17,PUGLIA,16,5
8,2022,BASILICATA,17,SICILIA,19,1
8,2022,BASILICATA,17,TOSCANA,09,6
8,2022,BASILICATA,17,UMBRIA,10,10
8,2022,BASILICATA,17,VENETO,05,5
8,2022,CALABRIA,18,ABRUZZO,13,2
8,2022,CALABRIA,18,BASILICATA,17,2
8,2022,CALABRIA,18,CALABRIA,18,1714
8,2022,CALABRIA,18,CAMPANIA,15,8
8,2022,CALABRIA,18,EMILIA ROMAGNA,08,28
8,2022,CALABRIA,18,FRIULI VENEZIA GIULIA,06,13
8,2022,CALABRIA,18,LAZIO,12,24
8,2022,CALABRIA,18,LIGURIA,07,4
8,2022,CALABRIA,18,LOMBARDIA,03,89
8,2022,CALABRIA,18,MARCHE,11,3
8,2022,CALABRIA,18,PIEMONTE,01,19
8,2022,CALABRIA,18,PUGLIA,16,12
8,2022,CALABRIA,18,SARDEGNA,20,3
8,2022,CALABRIA,18,SICILIA,19,18
8,2022,CALABRIA,18,TOSCANA,09,25
8,2022,CALABRIA,18,TRENTINO ALTO ADIGE,04,3
8,2022,CALABRIA,18,UMBRIA,10,8
8,2022,CALABRIA,18,VENETO,05,14
8,2022,CAMPANIA,15,ABRUZZO,13,26
8,2022,CAMPANIA,15,BASILICATA,17,6
8,2022,CAMPANIA,15,CALABRIA,18,10
8,2022,CAMPANIA,15,CAMPANIA,15,4103
8,2022,CAMPANIA,15,EMILIA ROMAGNA,08,66
8,2022,CAMPANIA,15,FRIULI VENEZIA GIULIA,06,8
8,2022,CAMPANIA,15,LAZIO,12,53
8,2022,CAMPANIA,15,LIGURIA,07,21
8,2022,CAMPANIA,15,LOMBARDIA,03,114
8,2022,CAMPANIA,15,MARCHE,11,4
8,2022,CAMPANIA,15,MOLISE,14,9
8,2022,CAMPANIA,15,PIEMONTE,01,19
8,2022,CAMPANIA,15,PUGLIA,16,6
8,2022,CAMPANIA,15,SARDEGNA,20,7
8,2022,CAMPANIA,15,SICILIA,19,25
8,2022,CAMPANIA,15,TOSCANA,09,48
8,2022,CAMPANIA,15,TRENTINO ALTO ADIGE,04,6
8,2022,CAMPANIA,15,UMBRIA,10,12
8,2022,CAMPANIA,15,VENETO,05,53
8,2022,EMILIA ROMAGNA,08,ABRUZZO,13,19
8,2022,EMILIA ROMAGNA,08,CALABRIA,18,11
8,2022,EMILIA ROMAGNA,08,CAMPANIA,15,30
8,2022,EMILIA ROMAGNA,08,EMILIA ROMAGNA,08,7090
8,2022,EMILIA ROMAGNA,08,FRIULI VENEZIA GIULIA,06,5
8,2022,EMILIA ROMAGNA,08,LAZIO,12,19
8,2022,EMILIA ROMAGNA,08,LIGURIA,07,9
8,2022,EMILIA ROMAGNA,08,LOMBARDIA,03,62
8,2022,EMILIA ROMAGNA,08,MARCHE,11,17
8,2022,EMILIA ROMAGNA,08,MOLISE,14,3
8,2022,EMILIA ROMAGNA,08,PIEMONTE,01,8
8,2022,EMILIA ROMAGNA,08,PUGLIA,16,23
8,2022,EMILIA ROMAGNA,08,SARDEGNA,20,12
8,2022,EMILIA ROMAGNA,08,SICILIA,19,45
8,2022,EMILIA ROMAGNA,08,TOSCANA,09,32
8,2022,EMILIA ROMAGNA,08,TRENTINO ALTO ADIGE,04,7
8,2022,EMILIA ROMAGNA,08,UMBRIA,10,3
8,2022,EMILIA ROMAGNA,08,VENETO,05,29
8,2022,ESTERO,08,ABRUZZO,13,1
8,2022,ESTERO,13,ABRUZZO,13,22
8,2022,ESTERO,17,BASILICATA,17,3
8,2022,ESTERO,18,CALABRIA,18,13
8,2022,ESTERO,08,CAMPANIA,15,1
8,2022,ESTERO,15,CAMPANIA,15,19
8,2022,ESTERO,03,EMILIA ROMAGNA,08,1
8,2022,ESTERO,08,EMILIA ROMAGNA,08,17
8,2022,ESTERO,16,EMILIA ROMAGNA,08,1
8,2022,ESTERO,06,FRIULI VENEZIA GIULIA,06,13
8,2022,ESTERO,12,LAZIO,12,58
8,2022,ESTERO,07,LIGURIA,07,7
8,2022,ESTERO,01,LOMBARDIA,03,1
8,2022,ESTERO,03,LOMBARDIA,03,94
8,2022,ESTERO,08,LOMBARDIA,03,1
8,2022,ESTERO,19,LOMBARDIA,03,2
8,2022,ESTERO,11,MARCHE,11,9
8,2022,ESTERO,12,MOLISE,14,1
8,2022,ESTERO,14,MOLISE,14,6
8,2022,ESTERO,01,PIEMONTE,01,28
8,2022,ESTERO,05,PIEMONTE,01,1
8,2022,ESTERO,06,PIEMONTE,01,1
8,2022,ESTERO,12,PIEMONTE,01,1
8,2022,ESTERO,08,PUGLIA,16,1
8,2022,ESTERO,15,PUGLIA,16,1
8,2022,ESTERO,16,PUGLIA,16,37
8,2022,ESTERO,17,PUGLIA,16,1
8,2022,ESTERO,03,SARDEGNA,20,1
8,2022,ESTERO,20,SARDEGNA,20,16
8,2022,ESTERO,01,SICILIA,19,4
8,2022,ESTERO,03,SICILIA,19,1
8,2022,ESTERO,16,SICILIA,19,3
8,2022,ESTERO,19,SICILIA,19,110
8,2022,ESTERO,09,TOSCANA,09,19
8,2022,ESTERO,12,TOSCANA,09,1
8,2022,ESTERO,04,TRENTINO ALTO ADIGE,04,3
8,2022,ESTERO,12,TRENTINO ALTO ADIGE,04,1
8,2022,ESTERO,10,UMBRIA,10,6
8,2022,ESTERO,16,UMBRIA,10,1
8,2022,ESTERO,19,UMBRIA,10,1
8,2022,ESTERO,02,VALLE D'AOSTA,02,2
8,2022,ESTERO,03,VENETO,05,1
8,2022,ESTERO,05,VENETO,05,17
8,2022,ESTERO,12,VENETO,05,2
8,2022,FRIULI VENEZIA GIULIA,06,ABRUZZO,13,1
8,2022,FRIULI VENEZIA GIULIA,06,CALABRIA,18,1
8,2022,FRIULI VENEZIA GIULIA,06,CAMPANIA,15,7
8,2022,FRIULI VENEZIA GIULIA,06,EMILIA ROMAGNA,08,5
8,2022,FRIULI VENEZIA GIULIA,06,FRIULI VENEZIA GIULIA,06,1767
8,2022,FRIULI VENEZIA GIULIA,06,LAZIO,12,6
8,2022,FRIULI VENEZIA GIULIA,06,LIGURIA,07,3
8,2022,FRIULI VENEZIA GIULIA,06,LOMBARDIA,03,10
8,2022,FRIULI VENEZIA GIULIA,06,PIEMONTE,01,1
8,2022,FRIULI VENEZIA GIULIA,06,PUGLIA,16,7
8,2022,FRIULI VENEZIA GIULIA,06,SARDEGNA,20,5
8,2022,FRIULI VENEZIA GIULIA,06,SICILIA,19,12
8,2022,FRIULI VENEZIA GIULIA,06,TOSCANA,09,5
8,2022,FRIULI VENEZIA GIULIA,06,TRENTINO ALTO ADIGE,04,2
8,2022,FRIULI VENEZIA GIULIA,06,VALLE D'AOSTA,02,1
8,2022,FRIULI VENEZIA GIULIA,06,VENETO,05,44
8,2022,LAZIO,12,ABRUZZO,13,30
8,2022,LAZIO,12,BASILICATA,17,2
8,2022,LAZIO,12,CALABRIA,18,18
8,2022,LAZIO,12,CAMPANIA,15,30
8,2022,LAZIO,12,EMILIA ROMAGNA,08,38
8,2022,LAZIO,12,FRIULI VENEZIA GIULIA,06,3
8,2022,LAZIO,12,LAZIO,12,4699
8,2022,LAZIO,12,LIGURIA,07,8
8,2022,LAZIO,12,LOMBARDIA,03,66
8,2022,LAZIO,12,MARCHE,11,21
8,2022,LAZIO,12,MOLISE,14,1
8,2022,LAZIO,12,PIEMONTE,01,17
8,2022,LAZIO,12,PUGLIA,16,21
8,2022,LAZIO,12,SARDEGNA,20,17
8,2022,LAZIO,12,SICILIA,19,39
8,2022,LAZIO,12,TOSCANA,09,35
8,2022,LAZIO,12,UMBRIA,10,26
8,2022,LAZIO,12,VENETO,05,35
8,2022,LIGURIA,07,CALABRIA,18,3
8,2022,LIGURIA,07,CAMPANIA,15,5
8,2022,LIGURIA,07,EMILIA ROMAGNA,08,5
8,2022,LIGURIA,07,FRIULI VENEZIA GIULIA,06,1
8,2022,LIGURIA,07,LAZIO,12,2
8,2022,LIGURIA,07,LIGURIA,07,1802
8,2022,LIGURIA,07,LOMBARDIA,03,30
8,2022,LIGURIA,07,MARCHE,11,3
8,2022,LIGURIA,07,PIEMONTE,01,28
8,2022,LIGURIA,07,SARDEGNA,20,1
8,2022,LIGURIA,07,SICILIA,19,11
8,2022,LIGURIA,07,TOSCANA,09,12
8,2022,LIGURIA,07,TRENTINO ALTO ADIGE,04,2
8,2022,LIGURIA,07,UMBRIA,10,2
8,2022,LIGURIA,07,VENETO,05,4
8,2022,LOMBARDIA,03,ABRUZZO,13,17
8,2022,LOMBARDIA,03,BASILICATA,17,4
8,2022,LOMBARDIA,03,CALABRIA,18,30
8,2022,LOMBARDIA,03,CAMPANIA,15,37
8,2022,LOMBARDIA,03,EMILIA ROMAGNA,08,60
8,2022,LOMBARDIA,03,FRIULI VENEZIA GIULIA,06,14
8,2022,LOMBARDIA,03,LAZIO,12,23
8,2022,LOMBARDIA,03,LIGURIA,07,34
8,2022,LOMBARDIA,03,LOMBARDIA,03,15965
8,2022,LOMBARDIA,03,MARCHE,11,15
8,2022,LOMBARDIA,03,MOLISE,14,1
8,2022,LOMBARDIA,03,PIEMONTE,01,47
8,2022,LOMBARDIA,03,PUGLIA,16,34
8,2022,LOMBARDIA,03,SARDEGNA,20,25
8,2022,LOMBARDIA,03,SICILIA,19,97
8,2022,LOMBARDIA,03,TOSCANA,09,40
8,2022,LOMBARDIA,03,TRENTINO ALTO ADIGE,04,10
8,2022,LOMBARDIA,03,UMBRIA,10,13
8,2022,LOMBARDIA,03,VALLE D'AOSTA,02,2
8,2022,LOMBARDIA,03,VENETO,05,74
8,2022,MARCHE,11,ABRUZZO,13,9
8,2022,MARCHE,11,CAMPANIA,15,1
8,2022,MARCHE,11,EMILIA ROMAGNA,08,17
8,2022,MARCHE,11,FRIULI VENEZIA GIULIA,06,1
8,2022,MARCHE,11,LAZIO,12,5
8,2022,MARCHE,11,LIGURIA,07,3
8,2022,MARCHE,11,LOMBARDIA,03,19
8,2022,MARCHE,11,MARCHE,11,1877
8,2022,MARCHE,11,MOLISE,14,3
8,2022,MARCHE,11,PIEMONTE,01,2
8,2022,MARCHE,11,SARDEGNA,20,3
8,2022,MARCHE,11,SICILIA,19,7
8,2022,MARCHE,11,TOSCANA,09,4
8,2022,MARCHE,11,TRENTINO ALTO ADIGE,04,1
8,2022,MARCHE,11,UMBRIA,10,11
8,2022,MARCHE,11,VENETO,05,7
8,2022,MOLISE,14,ABRUZZO,13,8
8,2022,MOLISE,14,CAMPANIA,15,3
8,2022,MOLISE,14,EMILIA ROMAGNA,08,12
8,2022,MOLISE,14,LAZIO,12,2
8,2022,MOLISE,14,LOMBARDIA,03,3
8,2022,MOLISE,14,MARCHE,11,1
8,2022,MOLISE,14,MOLISE,14,383
8,2022,MOLISE,14,PIEMONTE,01,1
8,2022,MOLISE,14,PUGLIA,16,1
8,2022,MOLISE,14,SARDEGNA,20,3
8,2022,MOLISE,14,TOSCANA,09,1
8,2022,MOLISE,14,UMBRIA,10,2
8,2022,MOLISE,14,VENETO,05,3
8,2022,PIEMONTE,01,ABRUZZO,13,4
8,2022,PIEMONTE,01,BASILICATA,17,1
8,2022,PIEMONTE,01,CALABRIA,18,8
8,2022,PIEMONTE,01,CAMPANIA,15,13
8,2022,PIEMONTE,01,EMILIA ROMAGNA,08,26
8,2022,PIEMONTE,01,FRIULI VENEZIA GIULIA,06,1
8,2022,PIEMONTE,01,LAZIO,12,7
8,2022,PIEMONTE,01,LIGURIA,07,23
8,2022,PIEMONTE,01,LOMBARDIA,03,76
8,2022,PIEMONTE,01,MARCHE,11,4
8,2022,PIEMONTE,01,MOLISE,14,1
8,2022,PIEMONTE,01,PIEMONTE,01,5624
8,2022,PIEMONTE,01,PUGLIA,16,11
8,2022,PIEMONTE,01,SARDEGNA,20,13
8,2022,PIEMONTE,01,SICILIA,19,30
8,2022,PIEMONTE,01,TOSCANA,09,14
8,2022,PIEMONTE,01,TRENTINO ALTO ADIGE,04,6
8,2022,PIEMONTE,01,UMBRIA,10,5
8,2022,PIEMONTE,01,VALLE D'AOSTA,02,3
8,2022,PIEMONTE,01,VENETO,05,26
8,2022,PUGLIA,16,ABRUZZO,13,27
8,2022,PUGLIA,16,BASILICATA,17,5
8,2022,PUGLIA,16,CAMPANIA,15,10
8,2022,PUGLIA,16,EMILIA ROMAGNA,08,52
8,2022,PUGLIA,16,FRIULI VENEZIA GIULIA,06,15
8,2022,PUGLIA,16,LAZIO,12,28
8,2022,PUGLIA,16,LIGURIA,07,11
8,2022,PUGLIA,16,LOMBARDIA,03,91
8,2022,PUGLIA,16,MARCHE,11,8
8,2022,PUGLIA,16,MOLISE,14,2
8,2022,PUGLIA,16,PIEMONTE,01,42
8,2022,PUGLIA,16,PUGLIA,16,3444
8,2022,PUGLIA,16,SARDEGNA,20,2
8,2022,PUGLIA,16,SICILIA,19,12
8,2022,PUGLIA,16,TOSCANA,09,28
8,2022,PUGLIA,16,TRENTINO ALTO ADIGE,04,2
8,2022,PUGLIA,16,UMBRIA,10,2
8,2022,PUGLIA,16,VENETO,05,40
8,2022,SARDEGNA,20,ABRUZZO,13,1
8,2022,SARDEGNA,20,CALABRIA,18,1
8,2022,SARDEGNA,20,CAMPANIA,15,6
8,2022,SARDEGNA,20,EMILIA ROMAGNA,08,10
8,2022,SARDEGNA,20,FRIULI VENEZIA GIULIA,06,1
8,2022,SARDEGNA,20,LAZIO,12,4
8,2022,SARDEGNA,20,LIGURIA,07,7
8,2022,SARDEGNA,20,LOMBARDIA,03,22
8,2022,SARDEGNA,20,MARCHE,11,6
8,2022,SARDEGNA,20,PIEMONTE,01,13
8,2022,SARDEGNA,20,PUGLIA,16,3
8,2022,SARDEGNA,20,SARDEGNA,20,2714
8,2022,SARDEGNA,20,SICILIA,19,9
8,2022,SARDEGNA,20,TOSCANA,09,9
8,2022,SARDEGNA,20,TRENTINO ALTO ADIGE,04,1
8,2022,SARDEGNA,20,UMBRIA,10,1
8,2022,SARDEGNA,20,VENETO,05,14
8,2022,SICILIA,19,ABRUZZO,13,4
8,2022,SICILIA,19,BASILICATA,17,2
8,2022,SICILIA,19,CALABRIA,18,15
8,2022,SICILIA,19,CAMPANIA,15,2
8,2022,SICILIA,19,EMILIA ROMAGNA,08,84
8,2022,SICILIA,19,FRIULI VENEZIA GIULIA,06,14
8,2022,SICILIA,19,LAZIO,12,20
8,2022,SICILIA,19,LIGURIA,07,16
8,2022,SICILIA,19,LOMBARDIA,03,170
8,2022,SICILIA,19,MARCHE,11,6
8,2022,SICILIA,19,PIEMONTE,01,51
8,2022,SICILIA,19,PUGLIA,16,23
8,2022,SICILIA,19,SARDEGNA,20,17
8,2022,SICILIA,19,SICILIA,19,11377
8,2022,SICILIA,19,TOSCANA,09,54
8,2022,SICILIA,19,TRENTINO ALTO ADIGE,04,3
8,2022,SICILIA,19,UMBRIA,10,5
8,2022,SICILIA,19,VENETO,05,67
8,2022,TOSCANA,09,ABRUZZO,13,2
8,2022,TOSCANA,09,BASILICATA,17,2
8,2022,TOSCANA,09,CALABRIA,18,11
8,2022,TOSCANA,09,CAMPANIA,15,23
8,2022,TOSCANA,09,EMILIA ROMAGNA,08,20
8,2022,TOSCANA,09,FRIULI VENEZIA GIULIA,06,1
8,2022,TOSCANA,09,LAZIO,12,10
8,2022,TOSCANA,09,LIGURIA,07,10
8,2022,TOSCANA,09,LOMBARDIA,03,35
8,2022,TOSCANA,09,MARCHE,11,2
8,2022,TOSCANA,09,PIEMONTE,01,10
8,2022,TOSCANA,09,PUGLIA,16,8
8,2022,TOSCANA,09,SARDEGNA,20,6
8,2022,TOSCANA,09,SICILIA,19,8
8,2022,TOSCANA,09,TOSCANA,09,6245
8,2022,TOSCANA,09,TRENTINO ALTO ADIGE,04,5
8,2022,TOSCANA,09,UMBRIA,10,8
8,2022,TOSCANA,09,VENETO,05,24
8,2022,TRENTINO ALTO ADIGE,04,ABRUZZO,13,2
8,2022,TRENTINO ALTO ADIGE,04,CALABRIA,18,1
8,2022,TRENTINO ALTO ADIGE,04,CAMPANIA,15,3
8,2022,TRENTINO ALTO ADIGE,04,EMILIA ROMAGNA,08,6
8,2022,TRENTINO ALTO ADIGE,04,FRIULI VENEZIA GIULIA,06,2
8,2022,TRENTINO ALTO ADIGE,04,LAZIO,12,3
8,2022,TRENTINO ALTO ADIGE,04,LOMBARDIA,03,8
8,2022,TRENTINO ALTO ADIGE,04,MARCHE,11,2
8,2022,TRENTINO ALTO ADIGE,04,PIEMONTE,01,4
8,2022,TRENTINO ALTO ADIGE,04,PUGLIA,16,2
8,2022,TRENTINO ALTO ADIGE,04,SARDEGNA,20,3
8,2022,TRENTINO ALTO ADIGE,04,SICILIA,19,8
8,2022,TRENTINO ALTO ADIGE,04,TOSCANA,09,1
8,2022,TRENTINO ALTO ADIGE,04,TRENTINO ALTO ADIGE,04,759
8,2022,TRENTINO ALTO ADIGE,04,UMBRIA,10,1
8,2022,TRENTINO ALTO ADIGE,04,VENETO,05,16
8,2022,UMBRIA,10,ABRUZZO,13,2
8,2022,UMBRIA,10,CALABRIA,18,1
8,2022,UMBRIA,10,EMILIA ROMAGNA,08,8
8,2022,UMBRIA,10,LAZIO,12,10
8,2022,UMBRIA,10,LOMBARDIA,03,11
8,2022,UMBRIA,10,MARCHE,11,8
8,2022,UMBRIA,10,PIEMONTE,01,3
8,2022,UMBRIA,10,SARDEGNA,20,3
8,2022,UMBRIA,10,SICILIA,19,5
8,2022,UMBRIA,10,TOSCANA,09,9
8,2022,UMBRIA,10,TRENTINO ALTO ADIGE,04,5
8,2022,UMBRIA,10,UMBRIA,10,2175
8,2022,UMBRIA,10,VENETO,05,5
8,2022,VALLE D'AOSTA,02,EMILIA ROMAGNA,08,1
8,2022,VALLE D'AOSTA,02,LOMBARDIA,03,4
8,2022,VALLE D'AOSTA,02,PIEMONTE,01,4
8,2022,VALLE D'AOSTA,02,SICILIA,19,2
8,2022,VALLE D'AOSTA,02,UMBRIA,10,1
8,2022,VALLE D'AOSTA,02,VALLE D'AOSTA,02,81
8,2022,VENETO,05,ABRUZZO,13,4
8,2022,VENETO,05,CALABRIA,18,5
8,2022,VENETO,05,CAMPANIA,15,11
8,2022,VENETO,05,EMILIA ROMAGNA,08,40
8,2022,VENETO,05,FRIULI VENEZIA GIULIA,06,19
8,2022,VENETO,05,LAZIO,12,7
8,2022,VENETO,05,LIGURIA,07,9
8,2022,VENETO,05,LOMBARDIA,03,55
8,2022,VENETO,05,MARCHE,11,2
8,2022,VENETO,05,MOLISE,14,1
8,2022,VENETO,05,PIEMONTE,01,7
8,2022,VENETO,05,PUGLIA,16,11
8,2022,VENETO,05,SARDEGNA,20,12
8,2022,VENETO,05,SICILIA,19,26
8,2022,VENETO,05,TOSCANA,09,8
8,2022,VENETO,05,TRENTINO ALTO ADIGE,04,16
8,2022,VENETO,05,UMBRIA,10,5
8,2022,VENETO,05,VALLE D'AOSTA,02,1
8,2022,VENETO,05,VENETO,05,9063
9,2022,ABRUZZO,13,ABRUZZO,13,2032
9,2022,ABRUZZO,13,CALABRIA,18,5
9,2022,ABRUZZO,13,CAMPANIA,15,13
9,2022,ABRUZZO,13,EMILIA ROMAGNA,08,35
9,2022,ABRUZZO,13,FRIULI VENEZIA GIULIA,06,5
9,2022,ABRUZZO,13,LAZIO,12,16
9,2022,ABRUZZO,13,LIGURIA,07,3
9,2022,ABRUZZO,13,LOMBARDIA,03,16
9,2022,ABRUZZO,13,MARCHE,11,10
9,2022,ABRUZZO,13,MOLISE,14,4
9,2022,ABRUZZO,13,PIEMONTE,01,15
9,2022,ABRUZZO,13,PUGLIA,16,4
9,2022,ABRUZZO,13,SARDEGNA,20,1
9,2022,ABRUZZO,13,TOSCANA,09,11
9,2022,ABRUZZO,13,UMBRIA,10,6
9,2022,ABRUZZO,13,VENETO,05,14
9,2022,BASILICATA,17,BASILICATA,17,592
9,2022,BASILICATA,17,CALABRIA,18,2
9,2022,BASILICATA,17,CAMPANIA,15,10
9,2022,BASILICATA,17,EMILIA ROMAGNA,08,30
9,2022,BASILICATA,17,FRIULI VENEZIA GIULIA,06,1
9,2022,BASILICATA,17,LAZIO,12,6
9,2022,BASILICATA,17,LIGURIA,07,5
9,2022,BASILICATA,17,LOMBARDIA,03,32
9,2022,BASILICATA,17,MOLISE,14,1
9,2022,BASILICATA,17,PIEMONTE,01,9
9,2022,BASILICATA,17,PUGLIA,16,7
9,2022,BASILICATA,17,SICILIA,19,1
9,2022,BASILICATA,17,TOSCANA,09,13
9,2022,BASILICATA,17,UMBRIA,10,3
9,2022,BASILICATA,17,VENETO,05,10
9,2022,CALABRIA,18,ABRUZZO,13,2
9,2022,CALABRIA,18,CALABRIA,18,2071
9,2022,CALABRIA,18,CAMPANIA,15,15
9,2022,CALABRIA,18,EMILIA ROMAGNA,08,57
9,2022,CALABRIA,18,FRIULI VENEZIA GIULIA,06,6
9,2022,CALABRIA,18,LAZIO,12,25
9,2022,CALABRIA,18,LIGURIA,07,3
9,2022,CALABRIA,18,LOMBARDIA,03,143
9,2022,CALABRIA,18,MARCHE,11,3
9,2022,CALABRIA,18,PIEMONTE,01,30
9,2022,CALABRIA,18,PUGLIA,16,8
9,2022,CALABRIA,18,SARDEGNA,20,1
9,2022,CALABRIA,18,SICILIA,19,15
9,2022,CALABRIA,18,TOSCANA,09,35
9,2022,CALABRIA,18,TRENTINO ALTO ADIGE,04,11
9,2022,CALABRIA,18,UMBRIA,10,8
9,2022,CALABRIA,18,VENETO,05,26
9,2022,CAMPANIA,15,ABRUZZO,13,29
9,2022,CAMPANIA,15,BASILICATA,17,4
9,2022,CAMPANIA,15,CALABRIA,18,18
9,2022,CAMPANIA,15,CAMPANIA,15,5903
9,2022,CAMPANIA,15,EMILIA ROMAGNA,08,95
9,2022,CAMPANIA,15,FRIULI VENEZIA GIULIA,06,18
9,2022,CAMPANIA,15,LAZIO,12,84
9,2022,CAMPANIA,15,LIGURIA,07,22
9,2022,CAMPANIA,15,LOMBARDIA,03,192
9,2022,CAMPANIA,15,MARCHE,11,10
9,2022,CAMPANIA,15,MOLISE,14,8
9,2022,CAMPANIA,15,PIEMONTE,01,79
9,2022,CAMPANIA,15,PUGLIA,16,11
9,2022,CAMPANIA,15,SARDEGNA,20,19
9,2022,CAMPANIA,15,SICILIA,19,34
9,2022,CAMPANIA,15,TOSCANA,09,70
9,2022,CAMPANIA,15,TRENTINO ALTO ADIGE,04,11
9,2022,CAMPANIA,15,UMBRIA,10,29
9,2022,CAMPANIA,15,VALLE D'AOSTA,02,2
9,2022,CAMPANIA,15,VENETO,05,87
9,2022,EMILIA ROMAGNA,08,ABRUZZO,13,13
9,2022,EMILIA ROMAGNA,08,BASILICATA,17,5
9,2022,EMILIA ROMAGNA,08,CALABRIA,18,18
9,2022,EMILIA ROMAGNA,08,CAMPANIA,15,29
9,2022,EMILIA ROMAGNA,08,EMILIA ROMAGNA,08,8495
9,2022,EMILIA ROMAGNA,08,FRIULI VENEZIA GIULIA,06,9
9,2022,EMILIA ROMAGNA,08,LAZIO,12,11
9,2022,EMILIA ROMAGNA,08,LIGURIA,07,6
9,2022,EMILIA ROMAGNA,08,LOMBARDIA,03,87
9,2022,EMILIA ROMAGNA,08,MARCHE,11,14
9,2022,EMILIA ROMAGNA,08,MOLISE,14,1
9,2022,EMILIA ROMAGNA,08,PIEMONTE,01,14
9,2022,EMILIA ROMAGNA,08,PUGLIA,16,32
9,2022,EMILIA ROMAGNA,08,SARDEGNA,20,5
9,2022,EMILIA ROMAGNA,08,SICILIA,19,56
9,2022,EMILIA ROMAGNA,08,TOSCANA,09,29
9,2022,EMILIA ROMAGNA,08,TRENTINO ALTO ADIGE,04,4
9,2022,EMILIA ROMAGNA,08,UMBRIA,10,10
9,2022,EMILIA ROMAGNA,08,VENETO,05,63
9,2022,ESTERO,03,ABRUZZO,13,1
9,2022,ESTERO,08,ABRUZZO,13,1
9,2022,ESTERO,13,ABRUZZO,13,16
9,2022,ESTERO,17,BASILICATA,17,5
9,2022,ESTERO,01,CALABRIA,18,1
9,2022,ESTERO,09,CALABRIA,18,1
9,2022,ESTERO,16,CALABRIA,18,1
9,2022,ESTERO,18,CALABRIA,18,26
9,2022,ESTERO,15,CAMPANIA,15,46
9,2022,ESTERO,08,EMILIA ROMAGNA,08,23
9,2022,ESTERO,20,EMILIA ROMAGNA,08,2
9,2022,ESTERO,05,FRIULI VENEZIA GIULIA,06,1
9,2022,ESTERO,06,FRIULI VENEZIA GIULIA,06,2
9,2022,ESTERO,03,LAZIO,12,1
9,2022,ESTERO,12,LAZIO,12,74
9,2022,ESTERO,20,LAZIO,12,1
9,2022,ESTERO,07,LIGURIA,07,14
9,2022,ESTERO,03,LOMBARDIA,03,87
9,2022,ESTERO,05,LOMBARDIA,03,2
9,2022,ESTERO,08,LOMBARDIA,03,2
9,2022,ESTERO,09,LOMBARDIA,03,2
9,2022,ESTERO,11,LOMBARDIA,03,1
9,2022,ESTERO,12,LOMBARDIA,03,1
9,2022,ESTERO,15,LOMBARDIA,03,1
9,2022,ESTERO,17,LOMBARDIA,03,1
9,2022,ESTERO,20,LOMBARDIA,03,1
9,2022,ESTERO,04,MARCHE,11,1
9,2022,ESTERO,11,MARCHE,11,5
9,2022,ESTERO,01,PIEMONTE,01,43
9,2022,ESTERO,03,PIEMONTE,01,1
9,2022,ESTERO,06,PIEMONTE,01,1
9,2022,ESTERO,12,PIEMONTE,01,1
9,2022,ESTERO,17,PIEMONTE,01,1
9,2022,ESTERO,19,PIEMONTE,01,1
9,2022,ESTERO,09,PUGLIA,16,1
9,2022,ESTERO,13,PUGLIA,16,1
9,2022,ESTERO,16,PUGLIA,16,46
9,2022,ESTERO,03,SARDEGNA,20,1
9,2022,ESTERO,20,SARDEGNA,20,14
9,2022,ESTERO,16,SICILIA,19,1
9,2022,ESTERO,17,SICILIA,19,1
9,2022,ESTERO,19,SICILIA,19,186
9,2022,ESTERO,01,TOSCANA,09,1
9,2022,ESTERO,03,TOSCANA,09,1
9,2022,ESTERO,09,TOSCANA,09,16
9,2022,ESTERO,10,TOSCANA,09,1
9,2022,ESTERO,04,TRENTINO ALTO ADIGE,04,23
9,2022,ESTERO,05,UMBRIA,10,1
9,2022,ESTERO,10,UMBRIA,10,6
9,2022,ESTERO,15,UMBRIA,10,1
9,2022,ESTERO,16,UMBRIA,10,1
9,2022,ESTERO,05,VENETO,05,25
9,2022,FRIULI VENEZIA GIULIA,06,ABRUZZO,13,1
9,2022,FRIULI VENEZIA GIULIA,06,CALABRIA,18,3
9,2022,FRIULI VENEZIA GIULIA,06,CAMPANIA,15,3
9,2022,FRIULI VENEZIA GIULIA,06,EMILIA ROMAGNA,08,10
9,2022,FRIULI VENEZIA GIULIA,06,FRIULI VENEZIA GIULIA,06,1915
9,2022,FRIULI VENEZIA GIULIA,06,LAZIO,12,5
9,2022,FRIULI VENEZIA GIULIA,06,LIGURIA,07,2
9,2022,FRIULI VENEZIA GIULIA,06,LOMBARDIA,03,13
9,2022,FRIULI VENEZIA GIULIA,06,MARCHE,11,2
9,2022,FRIULI VENEZIA GIULIA,06,PIEMONTE,01,5
9,2022,FRIULI VENEZIA GIULIA,06,PUGLIA,16,3
9,2022,FRIULI VENEZIA GIULIA,06,SICILIA,19,9
9,2022,FRIULI VENEZIA GIULIA,06,TOSCANA,09,6
9,2022,FRIULI VENEZIA GIULIA,06,TRENTINO ALTO ADIGE,04,2
9,2022,FRIULI VENEZIA GIULIA,06,UMBRIA,10,2
9,2022,FRIULI VENEZIA GIULIA,06,VENETO,05,64
9,2022,LAZIO,12,ABRUZZO,13,45
9,2022,LAZIO,12,BASILICATA,17,5
9,2022,LAZIO,12,CALABRIA,18,11
9,2022,LAZIO,12,CAMPANIA,15,45
9,2022,LAZIO,12,EMILIA ROMAGNA,08,59
9,2022,LAZIO,12,FRIULI VENEZIA GIULIA,06,16
9,2022,LAZIO,12,LAZIO,12,6238
9,2022,LAZIO,12,LIGURIA,07,16
9,2022,LAZIO,12,LOMBARDIA,03,81
9,2022,LAZIO,12,MARCHE,11,10
9,2022,LAZIO,12,MOLISE,14,2
9,2022,LAZIO,12,PIEMONTE,01,21
9,2022,LAZIO,12,PUGLIA,16,23
9,2022,LAZIO,12,SARDEGNA,20,23
9,2022,LAZIO,12,SICILIA,19,47
9,2022,LAZIO,12,TOSCANA,09,48
9,2022,LAZIO,12,TRENTINO ALTO ADIGE,04,8
9,2022,LAZIO,12,UMBRIA,10,36
9,2022,LAZIO,12,VENETO,05,47
9,2022,LIGURIA,07,ABRUZZO,13,1
9,2022,LIGURIA,07,CALABRIA,18,8
9,2022,LIGURIA,07,CAMPANIA,15,2
9,2022,LIGURIA,07,EMILIA ROMAGNA,08,4
9,2022,LIGURIA,07,LAZIO,12,8
9,2022,LIGURIA,07,LIGURIA,07,2191
9,2022,LIGURIA,07,LOMBARDIA,03,57
9,2022,LIGURIA,07,PIEMONTE,01,27
9,2022,LIGURIA,07,PUGLIA,16,8
9,2022,LIGURIA,07,SARDEGNA,20,6
9,2022,LIGURIA,07,SICILIA,19,15
9,2022,LIGURIA,07,TOSCANA,09,20
9,2022,LIGURIA,07,TRENTINO ALTO ADIGE,04,2
9,2022,LIGURIA,07,UMBRIA,10,5
9,2022,LIGURIA,07,VALLE D'AOSTA,02,1
9,2022,LIGURIA,07,VENETO,05,3
9,2022,LOMBARDIA,03,ABRUZZO,13,19
9,2022,LOMBARDIA,03,BASILICATA,17,2
9,2022,LOMBARDIA,03,CALABRIA,18,22
9,2022,LOMBARDIA,03,CAMPANIA,15,58
9,2022,LOMBARDIA,03,EMILIA ROMAGNA,08,75
9,2022,LOMBARDIA,03,FRIULI VENEZIA GIULIA,06,13
9,2022,LOMBARDIA,03,LAZIO,12,35
9,2022,LOMBARDIA,03,LIGURIA,07,36
9,2022,LOMBARDIA,03,LOMBARDIA,03,18617
9,2022,LOMBARDIA,03,MARCHE,11,23
9,2022,LOMBARDIA,03,PIEMONTE,01,81
9,2022,LOMBARDIA,03,PUGLIA,16,38
9,2022,LOMBARDIA,03,SARDEGNA,20,28
9,2022,LOMBARDIA,03,SICILIA,19,103
9,2022,LOMBARDIA,03,TOSCANA,09,48
9,2022,LOMBARDIA,03,TRENTINO ALTO ADIGE,04,22
9,2022,LOMBARDIA,03,UMBRIA,10,11
9,2022,LOMBARDIA,03,VALLE D'AOSTA,02,3
9,2022,LOMBARDIA,03,VENETO,05,86
9,2022,MARCHE,11,ABRUZZO,13,13
9,2022,MARCHE,11,BASILICATA,17,1
9,2022,MARCHE,11,CAMPANIA,15,2
9,2022,MARCHE,11,EMILIA ROMAGNA,08,33
9,2022,MARCHE,11,FRIULI VENEZIA GIULIA,06,2
9,2022,MARCHE,11,LAZIO,12,12
9,2022,MARCHE,11,LIGURIA,07,5
9,2022,MARCHE,11,LOMBARDIA,03,36
9,2022,MARCHE,11,MARCHE,11,1736
9,2022,MARCHE,11,PIEMONTE,01,7
9,2022,MARCHE,11,PUGLIA,16,3
9,2022,MARCHE,11,SICILIA,19,16
9,2022,MARCHE,11,TOSCANA,09,11
9,2022,MARCHE,11,TRENTINO ALTO ADIGE,04,3
9,2022,MARCHE,11,UMBRIA,10,6
9,2022,MARCHE,11,VENETO,05,17
9,2022,MOLISE,14,ABRUZZO,13,15
9,2022,MOLISE,14,CALABRIA,18,1
9,2022,MOLISE,14,CAMPANIA,15,5
9,2022,MOLISE,14,EMILIA ROMAGNA,08,15
9,2022,MOLISE,14,LAZIO,12,2
9,2022,MOLISE,14,LOMBARDIA,03,4
9,2022,MOLISE,14,MARCHE,11,3
9,2022,MOLISE,14,MOLISE,14,416
9,2022,MOLISE,14,PIEMONTE,01,8
9,2022,MOLISE,14,PUGLIA,16,1
9,2022,MOLISE,14,SICILIA,19,2
9,2022,MOLISE,14,TOSCANA,09,5
9,2022,MOLISE,14,UMBRIA,10,1
9,2022,MOLISE,14,VENETO,05,2
9,2022,PIEMONTE,01,ABRUZZO,13,4
9,2022,PIEMONTE,01,BASILICATA,17,4
9,2022,PIEMONTE,01,CALABRIA,18,5
9,2022,PIEMONTE,01,CAMPANIA,15,13
9,2022,PIEMONTE,01,EMILIA ROMAGNA,08,13
9,2022,PIEMONTE,01,FRIULI VENEZIA GIULIA,06,5
9,2022,PIEMONTE,01,LAZIO,12,12
9,2022,PIEMONTE,01,LIGURIA,07,36
9,2022,PIEMONTE,01,LOMBARDIA,03,85
9,2022,PIEMONTE,01,MARCHE,11,10
9,2022,PIEMONTE,01,MOLISE,14,1
9,2022,PIEMONTE,01,PIEMONTE,01,6921
9,2022,PIEMONTE,01,PUGLIA,16,24
9,2022,PIEMONTE,01,SARDEGNA,20,20
9,2022,PIEMONTE,01,SICILIA,19,40
9,2022,PIEMONTE,01,TOSCANA,09,18
9,2022,PIEMONTE,01,TRENTINO ALTO ADIGE,04,2
9,2022,PIEMONTE,01,UMBRIA,10,7
9,2022,PIEMONTE,01,VENETO,05,34
9,2022,PUGLIA,16,ABRUZZO,13,23
9,2022,PUGLIA,16,BASILICATA,17,12
9,2022,PUGLIA,16,CALABRIA,18,3
9,2022,PUGLIA,16,CAMPANIA,15,17
9,2022,PUGLIA,16,EMILIA ROMAGNA,08,117
9,2022,PUGLIA,16,FRIULI VENEZIA GIULIA,06,17
9,2022,PUGLIA,16,LAZIO,12,30
9,2022,PUGLIA,16,LIGURIA,07,14
9,2022,PUGLIA,16,LOMBARDIA,03,158
9,2022,PUGLIA,16,MARCHE,11,5
9,2022,PUGLIA,16,MOLISE,14,6
9,2022,PUGLIA,16,PIEMONTE,01,60
9,2022,PUGLIA,16,PUGLIA,16,4219
9,2022,PUGLIA,16,SARDEGNA,20,7
9,2022,PUGLIA,16,SICILIA,19,23
9,2022,PUGLIA,16,TOSCANA,09,32
9,2022,PUGLIA,16,TRENTINO ALTO ADIGE,04,3
9,2022,PUGLIA,16,UMBRIA,10,9
9,2022,PUGLIA,16,VENETO,05,67
9,2022,SARDEGNA,20,ABRUZZO,13,4
9,2022,SARDEGNA,20,CALABRIA,18,1
9,2022,SARDEGNA,20,CAMPANIA,15,7
9,2022,SARDEGNA,20,EMILIA ROMAGNA,08,24
9,2022,SARDEGNA,20,FRIULI VENEZIA GIULIA,06,3
9,2022,SARDEGNA,20,LAZIO,12,9
9,2022,SARDEGNA,20,LIGURIA,07,3
9,2022,SARDEGNA,20,LOMBARDIA,03,40
9,2022,SARDEGNA,20,MARCHE,11,2
9,2022,SARDEGNA,20,PIEMONTE,01,23
9,2022,SARDEGNA,20,PUGLIA,16,4
9,2022,SARDEGNA,20,SARDEGNA,20,2994
9,2022,SARDEGNA,20,SICILIA,19,3
9,2022,SARDEGNA,20,TOSCANA,09,24
9,2022,SARDEGNA,20,TRENTINO ALTO ADIGE,04,3
9,2022,SARDEGNA,20,UMBRIA,10,4
9,2022,SARDEGNA,20,VENETO,05,22
9,2022,SICILIA,19,ABRUZZO,13,1
9,2022,SICILIA,19,BASILICATA,17,2
9,2022,SICILIA,19,CALABRIA,18,10
9,2022,SICILIA,19,CAMPANIA,15,20
9,2022,SICILIA,19,EMILIA ROMAGNA,08,84
9,2022,SICILIA,19,FRIULI VENEZIA GIULIA,06,20
9,2022,SICILIA,19,LAZIO,12,39
9,2022,SICILIA,19,LIGURIA,07,16
9,2022,SICILIA,19,LOMBARDIA,03,252
9,2022,SICILIA,19,MARCHE,11,8
9,2022,SICILIA,19,MOLISE,14,1
9,2022,SICILIA,19,PIEMONTE,01,97
9,2022,SICILIA,19,PUGLIA,16,10
9,2022,SICILIA,19,SARDEGNA,20,6
9,2022,SICILIA,19,SICILIA,19,14518
9,2022,SICILIA,19,TOSCANA,09,60
9,2022,SICILIA,19,TRENTINO ALTO ADIGE,04,11
9,2022,SICILIA,19,UMBRIA,10,16
9,2022,SICILIA,19,VALLE D'AOSTA,02,1
9,2022,SICILIA,19,VENETO,05,101
9,2022,TOSCANA,09,ABRUZZO,13,6
9,2022,TOSCANA,09,BASILICATA,17,3
9,2022,TOSCANA,09,CALABRIA,18,4
9,2022,TOSCANA,09,CAMPANIA,15,26
9,2022,TOSCANA,09,EMILIA ROMAGNA,08,28
9,2022,TOSCANA,09,FRIULI VENEZIA GIULIA,06,4
9,2022,TOSCANA,09,LAZIO,12,20
9,2022,TOSCANA,09,LIGURIA,07,15
9,2022,TOSCANA,09,LOMBARDIA,03,53
9,2022,TOSCANA,09,MARCHE,11,2
9,2022,TOSCANA,09,MOLISE,14,1
9,2022,TOSCANA,09,PIEMONTE,01,9
9,2022,TOSCANA,09,PUGLIA,16,10
9,2022,TOSCANA,09,SARDEGNA,20,9
9,2022,TOSCANA,09,SICILIA,19,29
9,2022,TOSCANA,09,TOSCANA,09,7559
9,2022,TOSCANA,09,TRENTINO ALTO ADIGE,04,5
9,2022,TOSCANA,09,UMBRIA,10,11
9,2022,TOSCANA,09,VALLE D'AOSTA,02,1
9,2022,TOSCANA,09,VENETO,05,26
9,2022,TRENTINO ALTO ADIGE,04,ABRUZZO,13,2
9,2022,TRENTINO ALTO ADIGE,04,CAMPANIA,15,12
9,2022,TRENTINO ALTO ADIGE,04,EMILIA ROMAGNA,08,13
9,2022,TRENTINO ALTO ADIGE,04,FRIULI VENEZIA GIULIA,06,2
9,2022,TRENTINO ALTO ADIGE,04,LAZIO,12,7
9,2022,TRENTINO ALTO ADIGE,04,LIGURIA,07,1
9,2022,TRENTINO ALTO ADIGE,04,LOMBARDIA,03,11
9,2022,TRENTINO ALTO ADIGE,04,MARCHE,11,2
9,2022,TRENTINO ALTO ADIGE,04,PIEMONTE,01,5
9,2022,TRENTINO ALTO ADIGE,04,PUGLIA,16,4
9,2022,TRENTINO ALTO ADIGE,04,SARDEGNA,20,7
9,2022,TRENTINO ALTO ADIGE,04,SICILIA,19,7
9,2022,TRENTINO ALTO ADIGE,04,TOSCANA,09,4
9,2022,TRENTINO ALTO ADIGE,04,TRENTINO ALTO ADIGE,04,863
9,2022,TRENTINO ALTO ADIGE,04,UMBRIA,10,3
9,2022,TRENTINO ALTO ADIGE,04,VENETO,05,28
9,2022,UMBRIA,10,ABRUZZO,13,3
9,2022,UMBRIA,10,CALABRIA,18,1
9,2022,UMBRIA,10,CAMPANIA,15,5
9,2022,UMBRIA,10,EMILIA ROMAGNA,08,8
9,2022,UMBRIA,10,FRIULI VENEZIA GIULIA,06,3
9,2022,UMBRIA,10,LAZIO,12,7
9,2022,UMBRIA,10,LIGURIA,07,1
9,2022,UMBRIA,10,LOMBARDIA,03,9
9,2022,UMBRIA,10,MARCHE,11,2
9,2022,UMBRIA,10,MOLISE,14,1
9,2022,UMBRIA,10,PIEMONTE,01,6
9,2022,UMBRIA,10,PUGLIA,16,1
9,2022,UMBRIA,10,SARDEGNA,20,1
9,2022,UMBRIA,10,SICILIA,19,3
9,2022,UMBRIA,10,TOSCANA,09,25
9,2022,UMBRIA,10,UMBRIA,10,2604
9,2022,UMBRIA,10,VENETO,05,13
9,2022,VALLE D'AOSTA,02,EMILIA ROMAGNA,08,1
9,2022,VALLE D'AOSTA,02,LOMBARDIA,03,6
9,2022,VALLE D'AOSTA,02,PIEMONTE,01,6
9,2022,VALLE D'AOSTA,02,SICILIA,19,1
9,2022,VALLE D'AOSTA,02,TOSCANA,09,1
9,2022,VALLE D'AOSTA,02,VALLE D'AOSTA,02,131
9,2022,VALLE D'AOSTA,02,VENETO,05,2
9,2022,VENETO,05,ABRUZZO,13,1
9,2022,VENETO,05,BASILICATA,17,1
9,2022,VENETO,05,CALABRIA,18,7
9,2022,VENETO,05,CAMPANIA,15,17
9,2022,VENETO,05,EMILIA ROMAGNA,08,49
9,2022,VENETO,05,FRIULI VENEZIA GIULIA,06,25
9,2022,VENETO,05,LAZIO,12,9
9,2022,VENETO,05,LIGURIA,07,6
9,2022,VENETO,05,LOMBARDIA,03,75
9,2022,VENETO,05,MARCHE,11,7
9,2022,VENETO,05,MOLISE,14,4
9,2022,VENETO,05,PIEMONTE,01,13
9,2022,VENETO,05,PUGLIA,16,16
9,2022,VENETO,05,SARDEGNA,20,9
9,2022,VENETO,05,SICILIA,19,37
9,2022,VENETO,05,TOSCANA,09,17
9,2022,VENETO,05,TRENTINO ALTO ADIGE,04,28
9,2022,VENETO,05,UMBRIA,10,5
9,2022,VENETO,05,VENETO,05,9777
10,2022,ABRUZZO,13,ABRUZZO,13,395
10,2022,ABRUZZO,13,CAMPANIA,15,1
10,2022,ABRUZZO,13,EMILIA ROMAGNA,08,5
10,2022,ABRUZZO,13,LAZIO,12,8
10,2022,ABRUZZO,13,LOMBARDIA,03,3
10,2022,ABRUZZO,13,MARCHE,11,3
10,2022,ABRUZZO,13,PIEMONTE,01,1
10,2022,ABRUZZO,13,TOSCANA,09,3
10,2022,BASILICATA,17,BASILICATA,17,123
10,2022,BASILICATA,17,CALABRIA,18,1
10,2022,BASILICATA,17,CAMPANIA,15,1
10,2022,BASILICATA,17,EMILIA ROMAGNA,08,4
10,2022,BASILICATA,17,FRIULI VENEZIA GIULIA,06,1
10,2022,BASILICATA,17,LOMBARDIA,03,1
10,2022,BASILICATA,17,MOLISE,14,1
10,2022,BASILICATA,17,PIEMONTE,01,2
10,2022,BASILICATA,17,PUGLIA,16,4
10,2022,BASILICATA,17,SICILIA,19,1
10,2022,BASILICATA,17,TOSCANA,09,5
10,2022,CALABRIA,18,ABRUZZO,13,2
10,2022,CALABRIA,18,BASILICATA,17,1
10,2022,CALABRIA,18,CALABRIA,18,307
10,2022,CALABRIA,18,CAMPANIA,15,1
10,2022,CALABRIA,18,EMILIA ROMAGNA,08,6
10,2022,CALABRIA,18,FRIULI VENEZIA GIULIA,06,1
10,2022,CALABRIA,18,LAZIO,12,4
10,2022,CALABRIA,18,LIGURIA,07,1
10,2022,CALABRIA,18,LOMBARDIA,03,27
10,2022,CALABRIA,18,PIEMONTE,01,4
10,2022,CALABRIA,18,SICILIA,19,5
10,2022,CALABRIA,18,TOSCANA,09,7
10,2022,CALABRIA,18,UMBRIA,10,2
10,2022,CALABRIA,18,VALLE D'AOSTA,02,1
10,2022,CALABRIA,18,VENETO,05,8
10,2022,CAMPANIA,15,ABRUZZO,13,7
10,2022,CAMPANIA,15,BASILICATA,17,2
10,2022,CAMPANIA,15,CALABRIA,18,3
10,2022,CAMPANIA,15,CAMPANIA,15,1005
10,2022,CAMPANIA,15,EMILIA ROMAGNA,08,37
10,2022,CAMPANIA,15,FRIULI VENEZIA GIULIA,06,8
10,2022,CAMPANIA,15,LAZIO,12,22
10,2022,CAMPANIA,15,LIGURIA,07,2
10,2022,CAMPANIA,15,LOMBARDIA,03,54
10,2022,CAMPANIA,15,MARCHE,11,2
10,2022,CAMPANIA,15,MOLISE,14,1
10,2022,CAMPANIA,15,PIEMONTE,01,17
10,2022,CAMPANIA,15,PUGLIA,16,1
10,2022,CAMPANIA,15,SARDEGNA,20,4
10,2022,CAMPANIA,15,SICILIA,19,10
10,2022,CAMPANIA,15,TOSCANA,09,23
10,2022,CAMPANIA,15,UMBRIA,10,5
10,2022,CAMPANIA,15,VENETO,05,17
10,2022,EMILIA ROMAGNA,08,ABRUZZO,13,5
10,2022,EMILIA ROMAGNA,08,CALABRIA,18,1
10,2022,EMILIA ROMAGNA,08,CAMPANIA,15,7
10,2022,EMILIA ROMAGNA,08,EMILIA ROMAGNA,08,1517
10,2022,EMILIA ROMAGNA,08,FRIULI VENEZIA GIULIA,06,1
10,2022,EMILIA ROMAGNA,08,LAZIO,12,4
10,2022,EMILIA ROMAGNA,08,LOMBARDIA,03,16
10,2022,EMILIA ROMAGNA,08,MARCHE,11,7
10,2022,EMILIA ROMAGNA,08,MOLISE,14,1
10,2022,EMILIA ROMAGNA,08,PIEMONTE,01,2
10,2022,EMILIA ROMAGNA,08,PUGLIA,16,9
10,2022,EMILIA ROMAGNA,08,SARDEGNA,20,1
10,2022,EMILIA ROMAGNA,08,SICILIA,19,6
10,2022,EMILIA ROMAGNA,08,TOSCANA,09,9
10,2022,EMILIA ROMAGNA,08,TRENTINO ALTO ADIGE,04,2
10,2022,EMILIA ROMAGNA,08,UMBRIA,10,2
10,2022,EMILIA ROMAGNA,08,VENETO,05,12
10,2022,ESTERO,13,ABRUZZO,13,1
10,2022,ESTERO,18,CALABRIA,18,1
10,2022,ESTERO,15,CAMPANIA,15,7
10,2022,ESTERO,08,EMILIA ROMAGNA,08,7
10,2022,ESTERO,18,EMILIA ROMAGNA,08,1
10,2022,ESTERO,19,EMILIA ROMAGNA,08,1
10,2022,ESTERO,06,FRIULI VENEZIA GIULIA,06,1
10,2022,ESTERO,12,LAZIO,12,11
10,2022,ESTERO,07,LIGURIA,07,5
10,2022,ESTERO,03,LOMBARDIA,03,16
10,2022,ESTERO,05,LOMBARDIA,03,1
10,2022,ESTERO,08,LOMBARDIA,03,1
10,2022,ESTERO,01,PIEMONTE,01,12
10,2022,ESTERO,08,PIEMONTE,01,1
10,2022,ESTERO,16,PUGLIA,16,13
10,2022,ESTERO,20,SARDEGNA,20,6
10,2022,ESTERO,15,SICILIA,19,2
10,2022,ESTERO,16,SICILIA,19,1
10,2022,ESTERO,19,SICILIA,19,62
10,2022,ESTERO,09,TOSCANA,09,8
10,2022,ESTERO,11,TOSCANA,09,1
10,2022,ESTERO,15,TOSCANA,09,1
10,2022,ESTERO,04,TRENTINO ALTO ADIGE,04,5
10,2022,ESTERO,08,TRENTINO ALTO ADIGE,04,1
10,2022,ESTERO,10,UMBRIA,10,4
10,2022,ESTERO,12,UMBRIA,10,3
10,2022,ESTERO,05,VENETO,05,4
10,2022,ESTERO,10,VENETO,05,1
10,2022,FRIULI VENEZIA GIULIA,06,CAMPANIA,15,1
10,2022,FRIULI VENEZIA GIULIA,06,EMILIA ROMAGNA,08,1
10,2022,FRIULI VENEZIA GIULIA,06,FRIULI VENEZIA GIULIA,06,270
10,2022,FRIULI VENEZIA GIULIA,06,LOMBARDIA,03,2
10,2022,FRIULI VENEZIA GIULIA,06,PUGLIA,16,2
10,2022,FRIULI VENEZIA GIULIA,06,SICILIA,19,2
10,2022,FRIULI VENEZIA GIULIA,06,TRENTINO ALTO ADIGE,04,1
10,2022,FRIULI VENEZIA GIULIA,06,VENETO,05,11
10,2022,LAZIO,12,ABRUZZO,13,7
10,2022,LAZIO,12,CALABRIA,18,7
10,2022,LAZIO,12,CAMPANIA,15,10
10,2022,LAZIO,12,EMILIA ROMAGNA,08,4
10,2022,LAZIO,12,FRIULI VENEZIA GIULIA,06,3
10,2022,LAZIO,12,LAZIO,12,1151
10,2022,LAZIO,12,LIGURIA,07,2
10,2022,LAZIO,12,LOMBARDIA,03,26
10,2022,LAZIO,12,MARCHE,11,1
10,2022,LAZIO,12,MOLISE,14,2
10,2022,LAZIO,12,PIEMONTE,01,6
10,2022,LAZIO,12,PUGLIA,16,3
10,2022,LAZIO,12,SARDEGNA,20,1
10,2022,LAZIO,12,SICILIA,19,16
10,2022,LAZIO,12,TOSCANA,09,16
10,2022,LAZIO,12,UMBRIA,10,5
10,2022,LAZIO,12,VENETO,05,12
10,2022,LIGURIA,07,ABRUZZO,13,1
10,2022,LIGURIA,07,CAMPANIA,15,2
10,2022,LIGURIA,07,LAZIO,12,1
10,2022,LIGURIA,07,LIGURIA,07,393
10,2022,LIGURIA,07,LOMBARDIA,03,10
10,2022,LIGURIA,07,PIEMONTE,01,5
10,2022,LIGURIA,07,PUGLIA,16,3
10,2022,LIGURIA,07,SICILIA,19,2
10,2022,LIGURIA,07,TOSCANA,09,6
10,2022,LIGURIA,07,VENETO,05,3
10,2022,LOMBARDIA,03,BASILICATA,17,1
10,2022,LOMBARDIA,03,CALABRIA,18,5
10,2022,LOMBARDIA,03,CAMPANIA,15,14
10,2022,LOMBARDIA,03,EMILIA ROMAGNA,08,19
10,2022,LOMBARDIA,03,FRIULI VENEZIA GIULIA,06,1
10,2022,LOMBARDIA,03,LAZIO,12,18
10,2022,LOMBARDIA,03,LIGURIA,07,8
10,2022,LOMBARDIA,03,LOMBARDIA,03,3345
10,2022,LOMBARDIA,03,MARCHE,11,3
10,2022,LOMBARDIA,03,MOLISE,14,2
10,2022,LOMBARDIA,03,PIEMONTE,01,22
10,2022,LOMBARDIA,03,PUGLIA,16,7
10,2022,LOMBARDIA,03,SARDEGNA,20,5
10,2022,LOMBARDIA,03,SICILIA,19,17
10,2022,LOMBARDIA,03,TOSCANA,09,8
10,2022,LOMBARDIA,03,TRENTINO ALTO ADIGE,04,1
10,2022,LOMBARDIA,03,UMBRIA,10,5
10,2022,LOMBARDIA,03,VALLE D'AOSTA,02,2
10,2022,LOMBARDIA,03,VENETO,05,17
10,2022,MARCHE,11,CAMPANIA,15,1
10,2022,MARCHE,11,EMILIA ROMAGNA,08,11
10,2022,MARCHE,11,FRIULI VENEZIA GIULIA,06,1
10,2022,MARCHE,11,LOMBARDIA,03,2
10,2022,MARCHE,11,MARCHE,11,321
10,2022,MARCHE,11,PUGLIA,16,3
10,2022,MARCHE,11,SICILIA,19,1
10,2022,MARCHE,11,TOSCANA,09,1
10,2022,MARCHE,11,UMBRIA,10,1
10,2022,MARCHE,11,VENETO,05,4
10,2022,MOLISE,14,ABRUZZO,13,6
10,2022,MOLISE,14,CAMPANIA,15,2
10,2022,MOLISE,14,EMILIA ROMAGNA,08,2
10,2022,MOLISE,14,LAZIO,12,1
10,2022,MOLISE,14,MOLISE,14,94
10,2022,MOLISE,14,VENETO,05,1
10,2022,PIEMONTE,01,ABRUZZO,13,2
10,2022,PIEMONTE,01,BASILICATA,17,1
10,2022,PIEMONTE,01,CAMPANIA,15,1
10,2022,PIEMONTE,01,EMILIA ROMAGNA,08,9
10,2022,PIEMONTE,01,FRIULI VENEZIA GIULIA,06,1
10,2022,PIEMONTE,01,LAZIO,12,2
10,2022,PIEMONTE,01,LIGURIA,07,10
10,2022,PIEMONTE,01,LOMBARDIA,03,27
10,2022,PIEMONTE,01,MARCHE,11,2
10,2022,PIEMONTE,01,PIEMONTE,01,1126
10,2022,PIEMONTE,01,PUGLIA,16,1
10,2022,PIEMONTE,01,SARDEGNA,20,5
10,2022,PIEMONTE,01,SICILIA,19,5
10,2022,PIEMONTE,01,TOSCANA,09,4
10,2022,PIEMONTE,01,UMBRIA,10,2
10,2022,PIEMONTE,01,VENETO,05,7
10,2022,PUGLIA,16,ABRUZZO,13,6
10,2022,PUGLIA,16,CAMPANIA,15,2
10,2022,PUGLIA,16,EMILIA ROMAGNA,08,24
10,2022,PUGLIA,16,FRIULI VENEZIA GIULIA,06,2
10,2022,PUGLIA,16,LAZIO,12,7
10,2022,PUGLIA,16,LIGURIA,07,1
10,2022,PUGLIA,16,LOMBARDIA,03,34
10,2022,PUGLIA,16,MARCHE,11,2
10,2022,PUGLIA,16,MOLISE,14,1
10,2022,PUGLIA,16,PIEMONTE,01,13
10,2022,PUGLIA,16,PUGLIA,16,661
10,2022,PUGLIA,16,SICILIA,19,3
10,2022,PUGLIA,16,TOSCANA,09,8
10,2022,PUGLIA,16,TRENTINO ALTO ADIGE,04,1
10,2022,PUGLIA,16,UMBRIA,10,4
10,2022,PUGLIA,16,VENETO,05,15
10,2022,SARDEGNA,20,ABRUZZO,13,1
10,2022,SARDEGNA,20,EMILIA ROMAGNA,08,1
10,2022,SARDEGNA,20,FRIULI VENEZIA GIULIA,06,1
10,2022,SARDEGNA,20,LAZIO,12,3
10,2022,SARDEGNA,20,LIGURIA,07,1
10,2022,SARDEGNA,20,LOMBARDIA,03,5
10,2022,SARDEGNA,20,PIEMONTE,01,4
10,2022,SARDEGNA,20,PUGLIA,16,1
10,2022,SARDEGNA,20,SARDEGNA,20,491
10,2022,SARDEGNA,20,TOSCANA,09,7
10,2022,SARDEGNA,20,UMBRIA,10,1
10,2022,SARDEGNA,20,VENETO,05,4
10,2022,SICILIA,19,BASILICATA,17,1
10,2022,SICILIA,19,CALABRIA,18,5
10,2022,SICILIA,19,CAMPANIA,15,4
10,2022,SICILIA,19,EMILIA ROMAGNA,08,17
10,2022,SICILIA,19,FRIULI VENEZIA GIULIA,06,1
10,2022,SICILIA,19,LAZIO,12,9
10,2022,SICILIA,19,LIGURIA,07,4
10,2022,SICILIA,19,LOMBARDIA,03,67
10,2022,SICILIA,19,MARCHE,11,4
10,2022,SICILIA,19,PIEMONTE,01,16
10,2022,SICILIA,19,SARDEGNA,20,2
10,2022,SICILIA,19,SICILIA,19,2174
10,2022,SICILIA,19,TOSCANA,09,19
10,2022,SICILIA,19,VENETO,05,29
10,2022,TOSCANA,09,ABRUZZO,13,5
10,2022,TOSCANA,09,CALABRIA,18,1
10,2022,TOSCANA,09,EMILIA ROMAGNA,08,3
10,2022,TOSCANA,09,FRIULI VENEZIA GIULIA,06,1
10,2022,TOSCANA,09,LAZIO,12,5
10,2022,TOSCANA,09,LIGURIA,07,6
10,2022,TOSCANA,09,LOMBARDIA,03,13
10,2022,TOSCANA,09,PIEMONTE,01,5
10,2022,TOSCANA,09,SICILIA,19,5
10,2022,TOSCANA,09,TOSCANA,09,1170
10,2022,TOSCANA,09,TRENTINO ALTO ADIGE,04,2
10,2022,TOSCANA,09,UMBRIA,10,5
10,2022,TOSCANA,09,VENETO,05,7
10,2022,TRENTINO ALTO ADIGE,04,CALABRIA,18,1
10,2022,TRENTINO ALTO ADIGE,04,EMILIA ROMAGNA,08,1
10,2022,TRENTINO ALTO ADIGE,04,LOMBARDIA,03,1
10,2022,TRENTINO ALTO ADIGE,04,MARCHE,11,1
10,2022,TRENTINO ALTO ADIGE,04,PIEMONTE,01,2
10,2022,TRENTINO ALTO ADIGE,04,PUGLIA,16,2
10,2022,TRENTINO ALTO ADIGE,04,SARDEGNA,20,2
10,2022,TRENTINO ALTO ADIGE,04,SICILIA,19,3
10,2022,TRENTINO ALTO ADIGE,04,TOSCANA,09,2
10,2022,TRENTINO ALTO ADIGE,04,TRENTINO ALTO ADIGE,04,133
10,2022,TRENTINO ALTO ADIGE,04,UMBRIA,10,1
10,2022,TRENTINO ALTO ADIGE,04,VENETO,05,1
10,2022,UMBRIA,10,ABRUZZO,13,1
10,2022,UMBRIA,10,CALABRIA,18,2
10,2022,UMBRIA,10,CAMPANIA,15,1
10,2022,UMBRIA,10,EMILIA ROMAGNA,08,2
10,2022,UMBRIA,10,LAZIO,12,2
10,2022,UMBRIA,10,LIGURIA,07,1
10,2022,UMBRIA,10,LOMBARDIA,03,7
10,2022,UMBRIA,10,MARCHE,11,2
10,2022,UMBRIA,10,MOLISE,14,3
10,2022,UMBRIA,10,TOSCANA,09,6
10,2022,UMBRIA,10,TRENTINO ALTO ADIGE,04,1
10,2022,UMBRIA,10,UMBRIA,10,447
10,2022,UMBRIA,10,VENETO,05,6
10,2022,VALLE D'AOSTA,02,LAZIO,12,2
10,2022,VALLE D'AOSTA,02,PIEMONTE,01,1
10,2022,VALLE D'AOSTA,02,TOSCANA,09,1
10,2022,VALLE D'AOSTA,02,VALLE D'AOSTA,02,19
10,2022,VENETO,05,ABRUZZO,13,1
10,2022,VENETO,05,CAMPANIA,15,3
10,2022,VENETO,05,EMILIA ROMAGNA,08,14
10,2022,VENETO,05,FRIULI VENEZIA GIULIA,06,8
10,2022,VENETO,05,LAZIO,12,3
10,2022,VENETO,05,LOMBARDIA,03,21
10,2022,VENETO,05,PIEMONTE,01,3
10,2022,VENETO,05,PUGLIA,16,3
10,2022,VENETO,05,SICILIA,19,6
10,2022,VENETO,05,TOSCANA,09,3
10,2022,VENETO,05,TRENTINO ALTO ADIGE,04,4
10,2022,VENETO,05,UMBRIA,10,1
10,2022,VENETO,05,VENETO,05,1622